conversation_id,customer_id,intent,channel,started_at,handled_by,transferred,outcome_confirmed,ended_by_silence
c1,u1,address_change,chat,2026-07-14T17:32,ai,true,false,false
c2,u1,address_change,chat,2026-07-15T09:32,human,false,false,false
c3,u1,address_change,chat,2026-07-20T02:32,ai,false,true,false
c4,u2,cancel,chat,2026-07-06T15:08,ai,false,true,false
c5,u3,refund,chat,2026-08-19T05:08,ai,false,true,false
c6,u4,cancel,chat,2026-09-03T19:37,ai,true,false,false
c7,u4,cancel,voice,2026-09-09T13:37,ai,false,true,false
c8,u5,refund,voice,2026-09-02T14:58,ai,true,false,false
c9,u5,refund,voice,2026-09-06T07:58,ai,false,true,false
c10,u6,address_change,voice,2026-07-14T20:00,human,false,false,false
c11,u6,address_change,voice,2026-07-22T01:00,ai,false,true,false
c12,u7,cancel,voice,2026-08-15T05:00,ai,false,false,false
c13,u8,address_change,voice,2026-08-28T21:40,ai,false,true,false
c14,u8,address_change,voice,2026-09-02T21:40,ai,false,true,false
c15,u9,refund,voice,2026-08-06T05:13,ai,false,false,true
c16,u9,refund,voice,2026-08-09T06:13,human,false,false,false
c17,u10,billing_question,chat,2026-08-02T15:44,ai,false,true,false
c18,u11,refund,voice,2026-07-02T02:21,ai,false,true,false
c19,u12,cancel,chat,2026-08-21T13:11,ai,true,false,false
c20,u12,cancel,voice,2026-08-29T22:11,human,false,false,false
c21,u12,cancel,chat,2026-09-03T04:11,ai,false,false,true
c22,u13,order_status,chat,2026-07-31T22:51,ai,true,false,false
c23,u13,order_status,chat,2026-08-04T21:51,ai,true,false,false
c24,u14,address_change,voice,2026-08-01T14:53,ai,false,false,true
c25,u15,billing_question,voice,2026-07-29T09:15,ai,true,false,false
c26,u16,refund,chat,2026-08-16T23:56,ai,false,true,false
c27,u17,address_change,voice,2026-08-28T12:28,human,false,false,false
c28,u17,address_change,chat,2026-08-30T08:28,ai,false,true,false
c29,u18,refund,voice,2026-09-12T08:54,ai,false,true,false
c30,u19,order_status,voice,2026-07-03T13:01,ai,false,true,false
c31,u20,address_change,voice,2026-08-03T04:33,ai,true,false,false
c32,u20,address_change,voice,2026-08-05T10:33,ai,false,true,false
c33,u21,order_status,voice,2026-09-14T23:19,ai,false,true,false
c34,u22,billing_question,voice,2026-09-10T19:53,ai,true,false,false
c35,u22,billing_question,chat,2026-09-18T19:53,human,false,false,false
c36,u22,billing_question,voice,2026-09-20T05:53,ai,false,true,false
c37,u23,address_change,chat,2026-07-15T04:35,ai,true,false,false
c38,u24,order_status,chat,2026-08-17T22:20,ai,true,false,false
c39,u25,address_change,voice,2026-07-20T08:49,ai,false,true,false
c40,u26,order_status,voice,2026-09-21T19:57,ai,false,true,false
c41,u27,cancel,voice,2026-07-12T21:39,ai,false,false,true
c42,u28,refund,chat,2026-07-16T16:29,ai,false,false,true
c43,u28,refund,chat,2026-07-22T06:29,ai,false,false,false
c44,u28,refund,voice,2026-07-25T06:29,ai,true,false,false
c45,u29,order_status,voice,2026-08-10T08:17,ai,false,true,false
c46,u30,cancel,voice,2026-09-12T11:42,ai,false,false,false
c47,u31,refund,chat,2026-09-15T11:00,ai,false,true,false
c48,u32,refund,chat,2026-08-30T22:29,ai,true,false,false
c49,u33,address_change,voice,2026-07-14T00:20,ai,true,false,false
c50,u33,address_change,chat,2026-07-15T02:20,ai,false,true,false
c51,u34,cancel,chat,2026-08-06T18:08,ai,false,true,false
c52,u35,billing_question,chat,2026-08-10T02:11,ai,false,true,false
c53,u36,refund,chat,2026-09-18T18:30,ai,false,false,true
c54,u36,refund,voice,2026-09-20T05:30,human,false,false,false
c55,u36,refund,voice,2026-09-26T00:30,human,false,false,false
c56,u37,order_status,chat,2026-09-11T18:43,ai,false,false,true
c57,u38,order_status,chat,2026-08-25T08:35,human,false,false,false
c58,u38,order_status,voice,2026-08-26T17:35,ai,false,false,false
c59,u38,order_status,chat,2026-09-03T08:35,ai,true,false,false
c60,u39,refund,chat,2026-09-23T20:31,ai,false,true,false
c61,u40,order_status,chat,2026-07-23T19:06,ai,true,false,false
c62,u40,order_status,chat,2026-07-26T11:06,human,false,false,false
c63,u41,billing_question,voice,2026-08-19T16:33,human,false,false,false
c64,u42,refund,voice,2026-07-21T21:29,ai,false,true,false
c65,u43,order_status,voice,2026-09-15T04:25,ai,true,false,false
c66,u43,order_status,voice,2026-09-15T20:25,ai,false,true,false
c67,u44,address_change,voice,2026-07-05T02:49,ai,true,false,false
c68,u44,address_change,voice,2026-07-09T01:49,human,false,false,false
c69,u44,address_change,voice,2026-07-12T10:49,ai,false,true,false
c70,u45,refund,voice,2026-07-23T14:09,ai,true,false,false
c71,u46,cancel,chat,2026-07-04T19:01,ai,false,true,false
c72,u47,cancel,chat,2026-08-05T10:54,ai,false,true,false
c73,u47,cancel,chat,2026-08-14T09:54,ai,false,true,false
c74,u48,cancel,chat,2026-08-21T17:51,human,false,false,false
c75,u49,refund,voice,2026-07-08T17:53,ai,true,false,false
c76,u50,billing_question,chat,2026-08-20T20:07,ai,true,false,false
c77,u50,billing_question,chat,2026-08-20T22:07,ai,true,false,false
c78,u51,billing_question,voice,2026-07-23T22:55,human,false,false,false
c79,u51,billing_question,voice,2026-08-01T01:55,ai,false,true,false
c80,u52,address_change,voice,2026-09-08T19:28,ai,false,true,false
c81,u53,address_change,chat,2026-08-26T12:55,ai,true,false,false
c82,u53,address_change,voice,2026-09-02T18:55,ai,false,true,false
c83,u54,billing_question,voice,2026-09-08T19:54,ai,false,false,false
c84,u54,billing_question,voice,2026-09-13T18:54,ai,false,false,false
c85,u54,billing_question,voice,2026-09-16T01:54,ai,true,false,false
c86,u55,cancel,voice,2026-07-26T10:43,human,false,false,false
c87,u55,cancel,voice,2026-07-31T16:43,ai,true,false,false
c88,u56,refund,voice,2026-08-07T21:09,ai,false,true,false
c89,u57,order_status,voice,2026-09-23T07:44,ai,true,false,false
c90,u57,order_status,voice,2026-09-24T01:44,ai,false,true,false
c91,u58,order_status,chat,2026-07-26T13:03,ai,false,false,false
c92,u59,address_change,voice,2026-07-18T06:43,ai,false,true,false
c93,u60,cancel,voice,2026-08-19T23:48,ai,true,false,false
c94,u60,cancel,chat,2026-08-28T01:48,ai,false,false,false
c95,u60,cancel,voice,2026-09-01T13:48,ai,false,false,false
c96,u61,address_change,chat,2026-08-13T23:31,ai,false,true,false
c97,u62,billing_question,chat,2026-08-20T02:20,ai,false,true,false
c98,u63,refund,chat,2026-07-09T06:10,ai,false,true,false
c99,u64,billing_question,chat,2026-08-04T20:19,ai,false,true,false
c100,u65,cancel,chat,2026-08-02T18:44,ai,false,false,false
c101,u65,cancel,chat,2026-08-05T11:44,ai,false,true,false
c102,u66,billing_question,chat,2026-09-03T13:57,ai,false,true,false
c103,u67,cancel,chat,2026-09-16T20:47,ai,false,true,false
c104,u68,order_status,chat,2026-09-14T03:06,ai,false,true,false
c105,u68,order_status,chat,2026-09-15T13:06,ai,false,true,false
c106,u69,cancel,voice,2026-08-27T21:59,ai,false,false,true
c107,u69,cancel,voice,2026-09-03T04:59,ai,false,true,false
c108,u70,address_change,chat,2026-07-29T19:05,ai,false,true,false
c109,u70,address_change,voice,2026-08-03T06:05,ai,false,false,true
c110,u71,order_status,voice,2026-07-24T09:59,ai,false,true,false
c111,u72,address_change,voice,2026-09-01T03:05,ai,true,false,false
c112,u73,refund,voice,2026-08-15T02:51,human,false,false,false
c113,u74,billing_question,voice,2026-07-21T03:44,ai,false,false,true
c114,u75,billing_question,chat,2026-08-07T23:00,human,false,false,false
c115,u76,billing_question,chat,2026-07-05T22:44,ai,false,true,false
c116,u77,billing_question,chat,2026-09-20T18:04,ai,false,false,true
c117,u78,refund,voice,2026-08-29T09:20,human,false,false,false
c118,u78,refund,chat,2026-09-05T13:20,ai,false,true,false
c119,u78,refund,chat,2026-09-08T14:20,ai,false,true,false
c120,u79,address_change,chat,2026-09-13T19:42,human,false,false,false
c121,u79,address_change,voice,2026-09-18T22:42,ai,false,true,false
c122,u79,address_change,voice,2026-09-23T09:42,ai,false,true,false
c123,u80,order_status,voice,2026-07-24T09:27,ai,true,false,false
c124,u80,order_status,chat,2026-07-28T00:27,human,false,false,false
c125,u80,order_status,chat,2026-08-04T17:27,ai,false,true,false
c126,u81,order_status,voice,2026-08-13T06:03,ai,false,true,false
c127,u82,refund,voice,2026-09-23T11:27,ai,true,false,false
c128,u83,cancel,chat,2026-07-22T11:51,ai,false,true,false
c129,u84,billing_question,voice,2026-09-07T12:42,ai,false,true,false
c130,u85,billing_question,chat,2026-09-19T09:58,ai,true,false,false
c131,u85,billing_question,voice,2026-09-23T22:58,ai,false,true,false
c132,u86,refund,voice,2026-09-07T01:58,ai,false,true,false
c133,u87,cancel,chat,2026-07-25T08:43,ai,false,true,false
c134,u88,address_change,chat,2026-09-19T11:29,human,false,false,false
c135,u88,address_change,chat,2026-09-23T18:29,ai,false,true,false
c136,u89,order_status,voice,2026-07-10T07:32,ai,false,true,false
c137,u89,order_status,chat,2026-07-13T12:32,ai,true,false,false
c138,u90,refund,voice,2026-08-10T21:06,ai,false,true,false
c139,u91,address_change,chat,2026-07-31T22:46,ai,false,true,false
c140,u92,address_change,voice,2026-08-07T05:27,ai,false,true,false
c141,u93,order_status,chat,2026-08-07T03:39,ai,false,true,false
c142,u94,billing_question,chat,2026-09-02T07:08,ai,false,true,false
c143,u95,cancel,voice,2026-09-19T10:27,ai,false,false,false
c144,u96,billing_question,voice,2026-07-19T12:55,human,false,false,false
c145,u97,order_status,chat,2026-08-06T23:23,ai,false,true,false
c146,u98,billing_question,voice,2026-07-09T02:29,ai,false,true,false
c147,u99,cancel,chat,2026-07-16T15:16,human,false,false,false
c148,u99,cancel,chat,2026-07-24T17:16,human,false,false,false
c149,u99,cancel,voice,2026-08-02T17:16,human,false,false,false
c150,u100,billing_question,chat,2026-07-08T20:30,human,false,false,false
c151,u101,cancel,chat,2026-08-06T19:36,ai,false,true,false
c152,u102,cancel,chat,2026-07-15T05:50,ai,true,false,false
c153,u103,refund,chat,2026-07-04T17:46,human,false,false,false
c154,u104,billing_question,voice,2026-08-24T13:40,ai,false,true,false
c155,u105,billing_question,voice,2026-08-05T10:14,ai,false,true,false
c156,u106,billing_question,voice,2026-09-08T12:02,ai,false,true,false
c157,u107,refund,voice,2026-08-02T15:19,ai,true,false,false
c158,u107,refund,voice,2026-08-09T17:19,ai,false,false,true
c159,u108,order_status,chat,2026-09-07T10:53,ai,false,true,false
c160,u109,order_status,chat,2026-07-18T15:09,ai,false,true,false
c161,u110,refund,voice,2026-07-06T23:07,human,false,false,false
c162,u110,refund,voice,2026-07-13T14:07,ai,false,true,false
c163,u111,address_change,chat,2026-08-26T01:22,ai,false,false,true
c164,u111,address_change,voice,2026-09-01T21:22,human,false,false,false
c165,u112,address_change,voice,2026-07-11T11:23,ai,true,false,false
c166,u113,cancel,voice,2026-08-22T19:07,ai,false,true,false
c167,u114,address_change,chat,2026-07-25T02:21,ai,false,true,false
c168,u115,refund,voice,2026-08-26T00:18,ai,true,false,false
c169,u115,refund,voice,2026-09-01T07:18,human,false,false,false
c170,u116,refund,chat,2026-07-14T14:17,ai,false,true,false
c171,u117,refund,chat,2026-08-25T18:04,ai,true,false,false
c172,u118,cancel,voice,2026-08-02T12:12,ai,false,true,false
c173,u119,billing_question,chat,2026-07-15T10:31,ai,false,true,false
c174,u120,refund,chat,2026-09-18T07:21,ai,false,false,false
c175,u121,address_change,chat,2026-08-24T03:11,ai,false,true,false
c176,u122,order_status,chat,2026-07-05T00:07,ai,true,false,false
c177,u122,order_status,chat,2026-07-05T16:07,human,false,false,false
c178,u122,order_status,voice,2026-07-11T15:07,ai,false,true,false
c179,u123,refund,voice,2026-08-16T07:00,ai,false,false,true
c180,u123,refund,chat,2026-08-21T00:00,ai,false,true,false
c181,u124,address_change,voice,2026-07-22T03:27,ai,true,false,false
c182,u125,cancel,chat,2026-08-31T19:48,ai,false,true,false
c183,u126,cancel,chat,2026-07-02T09:15,ai,false,true,false
c184,u127,address_change,voice,2026-07-18T11:17,human,false,false,false
c185,u128,cancel,chat,2026-08-12T17:37,ai,false,false,true
c186,u128,cancel,chat,2026-08-20T12:37,ai,false,true,false
c187,u129,refund,chat,2026-07-14T03:52,ai,true,false,false
c188,u129,refund,chat,2026-07-15T17:52,ai,true,false,false
c189,u130,order_status,chat,2026-09-06T01:31,ai,false,true,false
c190,u131,billing_question,chat,2026-07-10T17:59,ai,false,false,true
c191,u132,address_change,chat,2026-08-13T10:16,ai,true,false,false
c192,u132,address_change,voice,2026-08-17T02:16,ai,true,false,false
c193,u132,address_change,voice,2026-08-25T06:16,ai,false,true,false
c194,u133,order_status,chat,2026-09-10T19:43,ai,false,true,false
c195,u134,refund,chat,2026-09-04T00:36,human,false,false,false
c196,u135,billing_question,voice,2026-07-01T02:50,ai,false,true,false
c197,u136,billing_question,voice,2026-09-02T06:42,ai,false,true,false
c198,u137,refund,chat,2026-07-26T19:49,human,false,false,false
c199,u137,refund,chat,2026-07-28T01:49,human,false,false,false
c200,u137,refund,voice,2026-08-04T13:49,ai,true,false,false
c201,u138,billing_question,chat,2026-09-20T04:15,human,false,false,false
c202,u138,billing_question,chat,2026-09-27T03:15,ai,false,false,false
c203,u138,billing_question,chat,2026-10-03T22:15,ai,false,true,false
c204,u139,address_change,chat,2026-08-17T11:44,ai,false,true,false
c205,u140,address_change,chat,2026-08-22T17:12,ai,false,true,false
c206,u141,cancel,voice,2026-07-15T01:42,ai,false,true,false
c207,u142,address_change,chat,2026-07-18T05:28,ai,false,true,false
c208,u143,refund,chat,2026-07-14T12:00,ai,false,true,false
c209,u144,billing_question,voice,2026-08-12T05:26,ai,false,true,false
c210,u145,refund,voice,2026-07-24T09:53,ai,false,false,false
c211,u146,billing_question,chat,2026-09-16T00:06,ai,false,true,false
c212,u147,order_status,chat,2026-08-11T07:33,ai,false,false,false
c213,u148,refund,voice,2026-07-23T18:15,human,false,false,false
c214,u148,refund,chat,2026-07-30T11:15,human,false,false,false
c215,u149,order_status,chat,2026-08-05T09:08,human,false,false,false
c216,u149,order_status,voice,2026-08-11T06:08,ai,false,true,false
c217,u150,cancel,voice,2026-08-11T13:51,ai,false,true,false
c218,u151,billing_question,chat,2026-09-06T13:09,human,false,false,false
c219,u152,cancel,voice,2026-09-08T10:08,human,false,false,false
c220,u153,billing_question,voice,2026-08-06T09:07,ai,true,false,false
c221,u154,cancel,chat,2026-07-25T03:14,ai,false,false,false
c222,u155,billing_question,chat,2026-07-20T07:08,ai,false,false,true
c223,u155,billing_question,voice,2026-07-26T08:08,ai,false,true,false
c224,u156,address_change,voice,2026-09-08T04:00,ai,true,false,false
c225,u156,address_change,chat,2026-09-10T16:00,ai,false,true,false
c226,u157,address_change,chat,2026-08-02T14:00,ai,false,true,false
c227,u158,address_change,voice,2026-07-14T21:41,human,false,false,false
c228,u158,address_change,voice,2026-07-23T18:41,ai,false,true,false
c229,u159,order_status,chat,2026-08-29T19:54,ai,false,true,false
c230,u160,refund,chat,2026-07-17T21:35,ai,false,false,false
c231,u161,order_status,voice,2026-08-30T20:16,human,false,false,false
c232,u161,order_status,voice,2026-09-07T07:16,ai,true,false,false
c233,u162,order_status,voice,2026-07-25T01:47,ai,false,true,false
c234,u163,refund,chat,2026-09-02T18:05,ai,false,false,false
c235,u163,refund,voice,2026-09-06T06:05,ai,false,true,false
c236,u164,order_status,chat,2026-07-17T10:20,ai,false,false,true
c237,u165,address_change,voice,2026-09-12T14:24,human,false,false,false
c238,u165,address_change,voice,2026-09-14T04:24,ai,false,true,false
c239,u166,cancel,chat,2026-08-20T10:30,ai,false,true,false
c240,u167,address_change,voice,2026-08-02T07:53,human,false,false,false
c241,u167,address_change,voice,2026-08-05T06:53,human,false,false,false
c242,u168,order_status,chat,2026-07-31T02:51,ai,false,false,true
c243,u168,order_status,chat,2026-08-07T21:51,ai,false,true,false
c244,u168,order_status,voice,2026-08-09T23:51,human,false,false,false
c245,u169,cancel,chat,2026-09-21T19:32,ai,false,true,false
c246,u170,billing_question,chat,2026-08-26T21:56,ai,true,false,false
c247,u171,order_status,chat,2026-09-22T04:50,human,false,false,false
c248,u171,order_status,chat,2026-10-01T00:50,ai,false,false,false
c249,u171,order_status,voice,2026-10-04T11:50,ai,false,false,false
c250,u172,billing_question,voice,2026-08-22T08:48,ai,false,false,true
c251,u173,refund,voice,2026-08-13T06:37,ai,false,false,true
c252,u173,refund,chat,2026-08-14T22:37,ai,false,false,true
c253,u174,refund,voice,2026-09-18T03:33,ai,false,true,false
c254,u175,refund,chat,2026-09-22T23:53,ai,false,false,false
c255,u175,refund,chat,2026-09-28T23:53,ai,false,true,false
c256,u176,order_status,voice,2026-07-06T12:16,ai,false,true,false
c257,u177,cancel,voice,2026-07-16T02:37,human,false,false,false
c258,u178,cancel,voice,2026-09-05T05:49,ai,false,true,false
c259,u179,refund,voice,2026-08-27T07:36,human,false,false,false
c260,u179,refund,voice,2026-09-04T18:36,ai,false,true,false
c261,u180,cancel,chat,2026-07-31T05:21,human,false,false,false
c262,u181,address_change,chat,2026-08-23T05:13,ai,false,true,false
c263,u182,address_change,chat,2026-09-01T16:10,ai,false,true,false
c264,u183,refund,chat,2026-09-12T21:18,human,false,false,false
c265,u183,refund,voice,2026-09-21T11:18,human,false,false,false
c266,u183,refund,chat,2026-09-22T10:18,ai,false,true,false
c267,u184,order_status,chat,2026-08-31T16:22,ai,false,true,false
c268,u185,billing_question,voice,2026-08-19T04:52,ai,false,true,false
c269,u186,cancel,chat,2026-07-30T05:13,ai,false,true,false
c270,u187,address_change,chat,2026-08-03T00:36,ai,false,false,false
c271,u187,address_change,voice,2026-08-08T08:36,ai,true,false,false
c272,u188,cancel,chat,2026-07-03T18:19,ai,false,false,true
c273,u188,cancel,voice,2026-07-09T20:19,ai,false,true,false
c274,u189,billing_question,chat,2026-09-08T20:04,ai,false,false,true
c275,u189,billing_question,chat,2026-09-10T20:04,ai,true,false,false
c276,u190,billing_question,chat,2026-08-14T07:30,human,false,false,false
c277,u191,order_status,voice,2026-09-03T07:06,human,false,false,false
c278,u191,order_status,voice,2026-09-05T20:06,ai,false,true,false
c279,u192,address_change,chat,2026-07-22T09:38,human,false,false,false
c280,u192,address_change,chat,2026-07-25T04:38,human,false,false,false
c281,u193,order_status,chat,2026-07-24T11:23,ai,false,false,false
c282,u193,order_status,voice,2026-07-27T22:23,ai,false,true,false
c283,u194,order_status,voice,2026-08-12T20:18,ai,false,false,true
c284,u194,order_status,chat,2026-08-17T14:18,ai,true,false,false
c285,u194,order_status,chat,2026-08-19T17:18,ai,true,false,false
c286,u195,address_change,voice,2026-09-19T21:24,ai,false,false,false
c287,u196,billing_question,voice,2026-07-31T22:15,ai,false,false,true
c288,u196,billing_question,voice,2026-08-03T08:15,ai,false,false,false
c289,u197,billing_question,chat,2026-07-23T11:02,ai,false,true,false
c290,u198,order_status,chat,2026-07-29T22:49,ai,false,true,false
c291,u199,address_change,chat,2026-07-11T20:22,ai,false,false,false
c292,u200,address_change,chat,2026-08-07T19:58,human,false,false,false
c293,u201,refund,chat,2026-08-28T05:41,ai,false,true,false
c294,u202,cancel,chat,2026-07-27T01:38,ai,false,true,false
c295,u203,refund,chat,2026-08-17T11:34,ai,false,true,false
c296,u204,billing_question,chat,2026-09-08T07:02,ai,false,true,false
c297,u205,refund,chat,2026-07-01T21:55,ai,false,true,false
c298,u206,address_change,voice,2026-07-31T12:17,ai,false,true,false
c299,u207,billing_question,voice,2026-07-13T03:09,human,false,false,false
c300,u207,billing_question,voice,2026-07-19T05:09,human,false,false,false
c301,u207,billing_question,voice,2026-07-26T18:09,ai,false,false,true
c302,u208,address_change,voice,2026-09-04T01:02,ai,false,true,false
c303,u209,order_status,voice,2026-07-27T12:52,human,false,false,false
c304,u209,order_status,chat,2026-07-27T20:52,ai,false,false,true
c305,u209,order_status,chat,2026-07-29T20:52,ai,false,false,false
c306,u210,refund,voice,2026-07-24T19:04,ai,false,true,false
c307,u211,order_status,voice,2026-09-04T06:31,ai,false,true,false
c308,u212,order_status,chat,2026-08-06T22:09,human,false,false,false
c309,u213,cancel,chat,2026-08-12T01:22,ai,true,false,false
c310,u214,billing_question,chat,2026-08-24T08:15,human,false,false,false
c311,u214,billing_question,voice,2026-08-24T23:15,ai,false,true,false
c312,u215,cancel,voice,2026-09-12T05:11,human,false,false,false
c313,u216,order_status,voice,2026-07-30T13:42,ai,false,true,false
c314,u217,order_status,chat,2026-08-03T04:06,ai,false,true,false
c315,u218,billing_question,chat,2026-08-06T03:22,ai,false,true,false
c316,u218,billing_question,chat,2026-08-13T01:22,ai,false,true,false
c317,u219,address_change,voice,2026-07-12T01:51,ai,false,true,false
c318,u220,refund,chat,2026-07-11T22:58,ai,false,false,false
c319,u220,refund,voice,2026-07-17T16:58,human,false,false,false
c320,u220,refund,voice,2026-07-19T03:58,human,false,false,false
c321,u221,order_status,voice,2026-09-06T09:26,ai,false,true,false
c322,u222,address_change,voice,2026-08-11T22:48,human,false,false,false
c323,u223,address_change,voice,2026-07-03T19:38,ai,false,true,false
c324,u223,address_change,voice,2026-07-07T15:38,ai,false,true,false
c325,u224,refund,chat,2026-07-27T21:32,ai,true,false,false
c326,u225,order_status,chat,2026-08-17T01:23,ai,false,true,false
c327,u226,refund,voice,2026-08-07T22:24,ai,false,true,false
c328,u227,cancel,chat,2026-07-09T15:38,ai,false,true,false
c329,u228,order_status,voice,2026-07-01T09:26,ai,false,false,true
c330,u229,billing_question,voice,2026-09-16T08:44,ai,false,true,false
c331,u230,address_change,voice,2026-09-04T19:33,ai,false,true,false
c332,u230,address_change,voice,2026-09-12T19:33,human,false,false,false
c333,u230,address_change,chat,2026-09-16T01:33,ai,false,true,false
c334,u231,address_change,chat,2026-07-30T11:29,human,false,false,false
c335,u232,billing_question,chat,2026-09-20T02:58,human,false,false,false
c336,u232,billing_question,voice,2026-09-22T21:58,ai,false,true,false
c337,u233,cancel,voice,2026-09-05T04:24,ai,false,true,false
c338,u234,order_status,chat,2026-08-31T13:47,ai,false,true,false
c339,u235,billing_question,chat,2026-08-14T07:14,ai,false,true,false
c340,u236,address_change,voice,2026-08-03T08:58,human,false,false,false
c341,u236,address_change,voice,2026-08-04T14:58,ai,false,false,false
c342,u237,cancel,chat,2026-07-19T21:56,ai,false,true,false
c343,u238,order_status,chat,2026-09-01T23:07,ai,false,true,false
c344,u239,billing_question,chat,2026-09-15T15:43,ai,true,false,false
c345,u239,billing_question,chat,2026-09-21T00:43,ai,false,false,false
c346,u240,order_status,chat,2026-07-14T05:31,ai,false,false,true
c347,u240,order_status,chat,2026-07-19T20:31,ai,false,true,false
c348,u241,cancel,chat,2026-07-30T09:12,ai,false,true,false
c349,u242,cancel,voice,2026-07-06T17:40,ai,false,true,false
c350,u243,order_status,chat,2026-08-10T00:24,ai,false,true,false
c351,u244,billing_question,chat,2026-07-28T15:23,ai,false,false,false
c352,u244,billing_question,voice,2026-08-01T20:23,ai,false,true,false
c353,u244,billing_question,voice,2026-08-04T12:23,ai,true,false,false
c354,u245,billing_question,chat,2026-08-21T02:41,ai,false,true,false
c355,u246,billing_question,chat,2026-09-14T04:02,human,false,false,false
c356,u246,billing_question,chat,2026-09-19T05:02,ai,false,false,true
c357,u246,billing_question,chat,2026-09-20T22:02,ai,true,false,false
c358,u247,refund,voice,2026-08-20T12:21,ai,false,true,false
c359,u248,billing_question,chat,2026-08-04T07:20,ai,false,true,false
c360,u249,billing_question,voice,2026-08-31T11:13,ai,false,false,false
c361,u249,billing_question,chat,2026-09-04T20:13,ai,false,true,false
c362,u250,address_change,voice,2026-09-05T23:40,ai,false,true,false
c363,u250,address_change,chat,2026-09-13T14:40,ai,true,false,false
c364,u250,address_change,chat,2026-09-20T17:40,human,false,false,false
c365,u251,cancel,voice,2026-09-08T00:52,ai,true,false,false
c366,u251,cancel,voice,2026-09-11T03:52,ai,false,true,false
c367,u252,refund,voice,2026-07-26T04:04,ai,false,true,false
c368,u252,refund,chat,2026-08-02T18:04,ai,false,true,false
c369,u253,order_status,chat,2026-07-25T15:45,human,false,false,false
c370,u253,order_status,chat,2026-07-26T03:45,ai,false,true,false
c371,u254,refund,voice,2026-08-21T09:16,human,false,false,false
c372,u255,billing_question,voice,2026-08-30T23:55,ai,false,false,true
c373,u256,cancel,voice,2026-08-25T06:51,ai,false,true,false
c374,u257,address_change,voice,2026-09-07T05:21,human,false,false,false
c375,u258,cancel,voice,2026-09-14T10:24,ai,false,false,false
c376,u259,billing_question,chat,2026-08-16T07:10,ai,false,true,false
c377,u260,refund,voice,2026-07-04T23:26,human,false,false,false
c378,u260,refund,chat,2026-07-06T18:26,human,false,false,false
c379,u260,refund,chat,2026-07-09T11:26,human,false,false,false
c380,u261,order_status,voice,2026-07-19T07:59,ai,true,false,false
c381,u262,refund,voice,2026-07-01T12:50,ai,false,true,false
c382,u263,refund,chat,2026-08-23T11:31,ai,false,true,false
c383,u264,refund,voice,2026-08-24T11:50,human,false,false,false
c384,u265,address_change,voice,2026-07-02T03:01,ai,false,false,true
c385,u265,address_change,voice,2026-07-03T09:01,ai,false,false,true
c386,u265,address_change,chat,2026-07-09T12:01,ai,true,false,false
c387,u266,billing_question,voice,2026-07-08T15:26,ai,false,true,false
c388,u267,billing_question,voice,2026-07-18T06:38,ai,false,true,false
c389,u268,address_change,chat,2026-08-29T10:39,ai,true,false,false
c390,u268,address_change,voice,2026-09-02T17:39,human,false,false,false
c391,u268,address_change,voice,2026-09-09T14:39,ai,false,true,false
c392,u269,address_change,voice,2026-08-04T12:45,ai,false,true,false
c393,u270,address_change,voice,2026-07-22T18:55,ai,true,false,false
c394,u271,billing_question,voice,2026-08-08T12:00,ai,true,false,false
c395,u272,refund,voice,2026-09-01T14:55,ai,true,false,false
c396,u272,refund,voice,2026-09-02T02:55,human,false,false,false
c397,u272,refund,voice,2026-09-09T21:55,ai,true,false,false
c398,u273,order_status,chat,2026-08-16T20:12,ai,false,false,true
c399,u274,refund,chat,2026-08-04T11:33,ai,false,true,false
c400,u275,cancel,chat,2026-07-30T11:07,ai,false,true,false
c401,u276,cancel,voice,2026-08-26T10:07,ai,false,true,false
c402,u277,billing_question,chat,2026-08-03T13:18,ai,false,true,false
c403,u278,refund,voice,2026-08-31T18:36,ai,false,true,false
c404,u279,refund,chat,2026-08-21T09:51,ai,false,false,false
c405,u279,refund,voice,2026-08-22T15:51,ai,false,true,false
c406,u280,refund,chat,2026-08-20T10:16,ai,false,true,false
c407,u281,order_status,chat,2026-09-11T20:21,ai,false,true,false
c408,u282,cancel,chat,2026-07-10T07:01,ai,false,false,false
c409,u283,refund,chat,2026-08-03T23:37,ai,true,false,false
c410,u283,refund,chat,2026-08-04T11:37,ai,false,true,false
c411,u284,order_status,chat,2026-08-26T12:58,human,false,false,false
c412,u285,address_change,chat,2026-07-16T07:00,ai,false,true,false
c413,u286,order_status,chat,2026-07-22T18:45,ai,false,true,false
c414,u287,address_change,chat,2026-07-10T01:40,ai,false,true,false
c415,u288,refund,chat,2026-09-02T03:54,ai,false,true,false
c416,u289,order_status,voice,2026-09-11T21:08,ai,true,false,false
c417,u290,refund,voice,2026-08-23T13:11,human,false,false,false
c418,u290,refund,voice,2026-08-27T06:11,human,false,false,false
c419,u290,refund,chat,2026-08-27T16:11,human,false,false,false
c420,u291,cancel,chat,2026-08-05T17:34,human,false,false,false
c421,u292,refund,chat,2026-09-18T11:08,human,false,false,false
c422,u292,refund,chat,2026-09-24T04:08,ai,false,true,false
c423,u293,billing_question,voice,2026-07-31T03:53,ai,false,true,false
c424,u294,order_status,chat,2026-07-23T15:22,ai,false,false,true
c425,u295,billing_question,chat,2026-07-25T21:06,ai,false,true,false
c426,u296,order_status,chat,2026-09-22T06:58,ai,false,true,false
c427,u297,address_change,voice,2026-09-11T04:25,ai,false,true,false
c428,u298,address_change,voice,2026-09-06T07:31,ai,false,false,false
c429,u298,address_change,voice,2026-09-13T21:31,ai,false,true,false
c430,u299,refund,voice,2026-08-01T18:55,ai,false,true,false
c431,u300,cancel,chat,2026-09-09T07:13,ai,true,false,false
c432,u300,cancel,voice,2026-09-17T01:13,ai,false,false,false
c433,u300,cancel,chat,2026-09-19T03:13,ai,true,false,false
c434,u301,billing_question,voice,2026-08-02T11:49,human,false,false,false
c435,u302,billing_question,voice,2026-07-30T01:25,human,false,false,false
c436,u303,refund,chat,2026-08-27T00:29,ai,false,true,false
c437,u304,address_change,chat,2026-09-17T15:35,ai,true,false,false
c438,u305,cancel,chat,2026-07-05T10:10,ai,false,true,false
c439,u305,cancel,chat,2026-07-08T09:10,ai,false,false,false
c440,u305,cancel,chat,2026-07-16T10:10,ai,false,true,false
c441,u306,order_status,voice,2026-07-08T22:29,ai,false,true,false
c442,u307,order_status,voice,2026-07-03T08:13,human,false,false,false
c443,u307,order_status,chat,2026-07-09T23:13,ai,false,true,false
c444,u308,order_status,voice,2026-08-02T13:43,human,false,false,false
c445,u308,order_status,voice,2026-08-09T21:43,ai,false,true,false
c446,u309,cancel,voice,2026-07-24T11:14,human,false,false,false
c447,u310,address_change,voice,2026-08-29T07:31,ai,false,true,false
c448,u311,order_status,chat,2026-08-20T19:15,ai,false,true,false
c449,u312,order_status,chat,2026-07-03T13:03,ai,true,false,false
c450,u313,cancel,chat,2026-08-03T06:41,ai,false,false,false
c451,u313,cancel,voice,2026-08-07T01:41,ai,false,true,false
c452,u314,billing_question,chat,2026-08-11T21:06,ai,false,false,true
c453,u314,billing_question,voice,2026-08-18T20:06,human,false,false,false
c454,u314,billing_question,chat,2026-08-24T22:06,ai,false,true,false
c455,u315,address_change,voice,2026-09-03T13:24,ai,false,true,false
c456,u316,billing_question,chat,2026-07-20T17:11,human,false,false,false
c457,u316,billing_question,voice,2026-07-28T23:11,ai,false,true,false
c458,u316,billing_question,chat,2026-07-31T16:11,ai,false,true,false
c459,u317,refund,voice,2026-09-16T11:47,human,false,false,false
c460,u317,refund,chat,2026-09-24T19:47,human,false,false,false
c461,u317,refund,voice,2026-09-26T08:47,human,false,false,false
c462,u318,refund,chat,2026-09-22T01:48,ai,false,true,false
c463,u319,billing_question,voice,2026-09-01T03:31,ai,false,true,false
c464,u320,order_status,chat,2026-08-23T06:33,ai,false,true,false
c465,u321,order_status,chat,2026-09-05T07:26,ai,false,false,false
c466,u322,cancel,chat,2026-08-09T00:01,ai,false,true,false
c467,u323,billing_question,chat,2026-09-22T14:54,ai,false,false,false
c468,u324,refund,chat,2026-07-02T09:13,ai,true,false,false
c469,u324,refund,chat,2026-07-02T23:13,ai,false,true,false
c470,u325,cancel,voice,2026-07-26T16:20,ai,false,false,false
c471,u325,cancel,voice,2026-07-30T03:20,ai,false,true,false
c472,u326,order_status,voice,2026-07-22T18:18,ai,false,true,false
c473,u327,refund,chat,2026-08-30T09:16,ai,false,false,false
c474,u327,refund,chat,2026-09-05T09:16,ai,false,true,false
c475,u328,billing_question,voice,2026-08-16T10:23,ai,false,true,false
c476,u329,order_status,voice,2026-08-05T19:39,human,false,false,false
c477,u330,address_change,voice,2026-07-07T13:16,ai,false,true,false
c478,u331,billing_question,chat,2026-09-17T01:41,ai,false,true,false
c479,u332,cancel,chat,2026-08-03T03:22,ai,false,true,false
c480,u333,billing_question,chat,2026-07-17T04:13,ai,false,false,false
c481,u333,billing_question,voice,2026-07-21T02:13,human,false,false,false
c482,u333,billing_question,voice,2026-07-22T19:13,ai,false,true,false
c483,u334,order_status,voice,2026-07-26T00:46,ai,false,true,false
c484,u335,refund,chat,2026-09-08T01:37,ai,true,false,false
c485,u335,refund,voice,2026-09-13T16:37,ai,false,true,false
c486,u335,refund,voice,2026-09-15T21:37,ai,false,true,false
c487,u336,address_change,chat,2026-07-23T00:17,ai,false,true,false
c488,u337,billing_question,voice,2026-09-11T02:50,ai,false,true,false
c489,u338,address_change,chat,2026-08-07T03:07,ai,false,true,false
c490,u339,refund,chat,2026-09-16T12:35,ai,false,true,false
c491,u340,billing_question,chat,2026-08-04T12:49,ai,false,true,false
c492,u341,cancel,voice,2026-08-12T02:26,human,false,false,false
c493,u341,cancel,voice,2026-08-17T05:26,ai,true,false,false
c494,u341,cancel,chat,2026-08-22T18:26,ai,true,false,false
c495,u342,order_status,chat,2026-09-23T06:23,ai,false,true,false
c496,u343,order_status,chat,2026-08-21T23:25,human,false,false,false
c497,u343,order_status,voice,2026-08-30T01:25,ai,false,true,false
c498,u344,order_status,chat,2026-08-20T02:19,ai,false,false,false
c499,u345,address_change,voice,2026-07-18T07:36,ai,true,false,false
c500,u345,address_change,voice,2026-07-19T07:36,ai,false,true,false
c501,u346,address_change,voice,2026-07-28T17:10,ai,false,true,false
c502,u347,order_status,chat,2026-07-19T21:18,ai,false,true,false
c503,u348,address_change,chat,2026-07-19T05:29,ai,false,true,false
c504,u349,billing_question,chat,2026-08-21T10:06,human,false,false,false
c505,u349,billing_question,voice,2026-08-29T23:06,ai,false,false,false
c506,u349,billing_question,voice,2026-09-06T19:06,ai,false,false,true
c507,u350,refund,voice,2026-09-17T12:26,human,false,false,false
c508,u350,refund,voice,2026-09-25T06:26,ai,false,true,false
c509,u351,cancel,voice,2026-09-15T07:18,ai,false,true,false
c510,u352,order_status,voice,2026-07-05T13:54,ai,false,false,false
c511,u352,order_status,chat,2026-07-06T05:54,human,false,false,false
c512,u352,order_status,chat,2026-07-15T05:54,ai,false,true,false
c513,u353,address_change,chat,2026-07-30T12:38,ai,false,true,false
c514,u354,order_status,chat,2026-07-30T19:41,ai,false,true,false
c515,u355,refund,voice,2026-09-05T06:51,ai,false,true,false
c516,u356,refund,chat,2026-08-29T17:19,human,false,false,false
c517,u356,refund,chat,2026-09-02T12:19,ai,false,false,false
c518,u356,refund,chat,2026-09-05T19:19,ai,false,false,true
c519,u357,refund,chat,2026-08-22T16:22,human,false,false,false
c520,u358,order_status,voice,2026-08-01T08:07,ai,true,false,false
c521,u358,order_status,chat,2026-08-04T23:07,ai,false,true,false
c522,u359,address_change,chat,2026-09-12T15:18,ai,false,false,true
c523,u360,billing_question,chat,2026-07-04T06:25,ai,false,false,true
c524,u360,billing_question,chat,2026-07-13T06:25,ai,false,true,false
c525,u361,order_status,voice,2026-07-31T04:27,ai,false,true,false
c526,u362,refund,chat,2026-07-11T15:44,ai,false,true,false
c527,u363,cancel,chat,2026-07-04T19:53,ai,false,true,false
c528,u364,refund,chat,2026-09-05T03:14,human,false,false,false
c529,u364,refund,chat,2026-09-05T18:14,ai,false,true,false
c530,u365,refund,chat,2026-07-14T23:40,human,false,false,false
c531,u365,refund,chat,2026-07-21T16:40,ai,false,true,false
c532,u366,cancel,chat,2026-09-09T12:54,ai,false,false,true
c533,u366,cancel,chat,2026-09-13T04:54,human,false,false,false
c534,u366,cancel,voice,2026-09-21T11:54,ai,false,true,false
c535,u367,refund,chat,2026-07-01T23:31,ai,false,true,false
c536,u368,cancel,chat,2026-08-31T18:52,ai,false,true,false
c537,u369,order_status,chat,2026-07-01T06:13,ai,false,true,false
c538,u370,order_status,chat,2026-07-19T02:48,human,false,false,false
c539,u371,order_status,voice,2026-08-29T06:00,ai,false,false,false
c540,u371,order_status,voice,2026-09-07T04:00,ai,false,false,true
c541,u372,cancel,voice,2026-07-15T23:50,ai,false,false,false
c542,u373,order_status,voice,2026-07-07T04:37,human,false,false,false
c543,u374,refund,chat,2026-07-19T00:34,ai,false,true,false
c544,u375,billing_question,chat,2026-09-11T05:44,ai,false,true,false
c545,u376,address_change,voice,2026-08-30T08:57,ai,false,true,false
c546,u377,order_status,voice,2026-09-18T22:27,human,false,false,false
c547,u377,order_status,voice,2026-09-22T04:27,ai,false,true,false
c548,u378,address_change,chat,2026-07-31T13:37,ai,false,true,false
c549,u379,order_status,chat,2026-08-04T04:36,human,false,false,false
c550,u379,order_status,voice,2026-08-07T19:36,human,false,false,false
c551,u379,order_status,voice,2026-08-11T14:36,human,false,false,false
c552,u380,cancel,chat,2026-09-10T23:24,human,false,false,false
c553,u381,billing_question,chat,2026-08-17T23:40,ai,false,false,true
c554,u381,billing_question,voice,2026-08-26T16:40,ai,false,false,false
c555,u381,billing_question,voice,2026-09-03T18:40,human,false,false,false
c556,u382,address_change,voice,2026-08-10T10:08,ai,false,true,false
c557,u383,order_status,chat,2026-09-21T13:46,ai,false,true,false
c558,u384,billing_question,chat,2026-07-29T07:42,ai,false,true,false
c559,u385,billing_question,chat,2026-07-13T11:15,ai,false,true,false
c560,u386,refund,chat,2026-09-07T00:39,ai,false,true,false
c561,u387,billing_question,voice,2026-08-29T01:19,ai,false,true,false
c562,u388,address_change,voice,2026-07-30T12:13,ai,false,true,false
c563,u389,refund,chat,2026-08-16T23:12,human,false,false,false
c564,u389,refund,voice,2026-08-24T22:12,ai,false,true,false
c565,u390,address_change,voice,2026-09-02T03:01,ai,false,true,false
c566,u391,billing_question,voice,2026-07-10T20:51,ai,false,true,false
c567,u392,refund,voice,2026-09-23T06:26,human,false,false,false
c568,u392,refund,voice,2026-09-27T16:26,ai,false,true,false
c569,u393,billing_question,voice,2026-09-07T12:08,ai,false,true,false
c570,u394,order_status,voice,2026-07-24T15:22,ai,true,false,false
c571,u394,order_status,chat,2026-07-28T13:22,ai,false,false,true
c572,u395,billing_question,chat,2026-09-14T22:46,human,false,false,false
c573,u396,refund,voice,2026-09-04T19:14,ai,false,true,false
c574,u397,billing_question,voice,2026-09-12T08:08,ai,false,true,false
c575,u398,address_change,chat,2026-07-13T03:46,ai,false,true,false
c576,u399,refund,chat,2026-08-22T14:16,ai,false,true,false
c577,u400,refund,voice,2026-08-15T13:30,ai,false,false,true
c578,u401,billing_question,chat,2026-08-25T17:42,human,false,false,false
c579,u402,cancel,chat,2026-07-25T20:26,ai,false,true,false
c580,u403,cancel,chat,2026-07-07T13:40,ai,false,true,false
c581,u404,cancel,chat,2026-07-06T09:06,human,false,false,false
c582,u404,cancel,voice,2026-07-15T06:06,ai,false,false,false
c583,u404,cancel,chat,2026-07-17T18:06,ai,false,true,false
c584,u405,refund,voice,2026-07-03T13:58,human,false,false,false
c585,u405,refund,voice,2026-07-04T07:58,human,false,false,false
c586,u406,billing_question,chat,2026-08-05T12:38,ai,false,false,false
c587,u407,address_change,chat,2026-08-29T21:02,human,false,false,false
c588,u408,billing_question,voice,2026-08-11T07:42,human,false,false,false
c589,u408,billing_question,chat,2026-08-17T22:42,ai,false,true,false
c590,u409,refund,voice,2026-09-10T22:18,ai,false,true,false
c591,u410,order_status,voice,2026-09-22T17:39,ai,false,false,true
c592,u410,order_status,voice,2026-09-22T22:39,human,false,false,false
c593,u411,cancel,chat,2026-08-27T13:07,ai,false,false,true
c594,u412,order_status,voice,2026-09-12T05:25,ai,false,false,false
c595,u413,order_status,chat,2026-09-21T23:41,ai,false,false,false
c596,u413,order_status,chat,2026-09-24T17:41,ai,false,true,false
c597,u414,cancel,voice,2026-08-09T18:05,ai,false,false,false
c598,u414,cancel,chat,2026-08-09T23:05,ai,false,true,false
c599,u415,order_status,chat,2026-07-19T13:33,human,false,false,false
c600,u416,cancel,chat,2026-09-19T13:59,ai,false,true,false
c601,u417,billing_question,chat,2026-09-19T03:41,ai,false,false,true
c602,u417,billing_question,chat,2026-09-25T07:41,ai,false,true,false
c603,u418,order_status,chat,2026-09-17T10:24,ai,false,true,false
c604,u419,billing_question,chat,2026-09-01T23:46,human,false,false,false
c605,u419,billing_question,chat,2026-09-07T08:46,ai,true,false,false
c606,u420,order_status,chat,2026-08-05T17:00,ai,false,true,false
c607,u421,refund,chat,2026-09-12T01:34,ai,false,false,false
c608,u421,refund,chat,2026-09-18T01:34,ai,false,true,false
c609,u422,order_status,chat,2026-09-08T03:10,human,false,false,false
c610,u422,order_status,voice,2026-09-16T19:10,ai,false,true,false
c611,u423,order_status,chat,2026-07-07T13:35,human,false,false,false
c612,u423,order_status,voice,2026-07-14T05:35,ai,false,true,false
c613,u424,order_status,voice,2026-08-20T23:07,ai,true,false,false
c614,u424,order_status,chat,2026-08-28T14:07,ai,false,true,false
c615,u425,address_change,chat,2026-08-31T16:21,ai,false,true,false
c616,u426,address_change,voice,2026-07-28T13:18,ai,false,true,false
c617,u427,order_status,chat,2026-07-08T04:15,ai,true,false,false
c618,u427,order_status,chat,2026-07-13T02:15,human,false,false,false
c619,u428,order_status,chat,2026-09-22T02:11,ai,true,false,false
c620,u429,billing_question,chat,2026-09-11T22:05,human,false,false,false
c621,u430,address_change,voice,2026-09-03T07:21,ai,false,true,false
c622,u431,billing_question,voice,2026-07-15T19:56,human,false,false,false
c623,u432,address_change,chat,2026-07-25T22:59,human,false,false,false
c624,u432,address_change,chat,2026-07-26T05:59,ai,false,true,false
c625,u433,refund,chat,2026-09-19T23:50,ai,true,false,false
c626,u433,refund,voice,2026-09-28T20:50,human,false,false,false
c627,u434,cancel,chat,2026-07-12T02:12,human,false,false,false
c628,u434,cancel,chat,2026-07-12T17:12,ai,false,true,false
c629,u435,refund,chat,2026-07-27T03:48,ai,false,true,false
c630,u436,refund,voice,2026-08-25T13:52,ai,false,true,false
c631,u437,address_change,chat,2026-07-03T12:27,ai,false,true,false
c632,u438,cancel,chat,2026-07-07T04:23,ai,false,false,true
c633,u438,cancel,chat,2026-07-08T00:23,ai,true,false,false
c634,u439,cancel,voice,2026-09-01T13:57,human,false,false,false
c635,u439,cancel,chat,2026-09-02T16:57,ai,false,true,false
c636,u440,billing_question,chat,2026-08-01T03:51,ai,false,true,false
c637,u441,address_change,chat,2026-08-31T01:12,ai,false,true,false
c638,u442,cancel,chat,2026-07-29T09:30,ai,false,true,false
c639,u443,order_status,voice,2026-08-21T20:20,ai,true,false,false
c640,u443,order_status,voice,2026-08-23T07:20,human,false,false,false
c641,u443,order_status,chat,2026-08-31T01:20,ai,false,true,false
c642,u444,order_status,chat,2026-09-18T09:48,ai,false,true,false
c643,u445,refund,voice,2026-09-19T16:51,ai,false,true,false
c644,u446,order_status,voice,2026-07-05T14:28,ai,false,true,false
c645,u447,order_status,chat,2026-07-11T00:02,ai,false,false,true
c646,u447,order_status,voice,2026-07-12T22:02,human,false,false,false
c647,u447,order_status,voice,2026-07-14T06:02,ai,false,true,false
c648,u448,order_status,voice,2026-08-16T08:36,ai,false,false,false
c649,u448,order_status,chat,2026-08-21T00:36,ai,false,false,false
c650,u448,order_status,chat,2026-08-26T04:36,ai,false,true,false
c651,u449,address_change,voice,2026-07-09T21:56,ai,false,true,false
c652,u450,refund,voice,2026-08-16T09:05,ai,false,true,false
c653,u451,order_status,voice,2026-08-18T21:22,ai,false,true,false
c654,u452,address_change,chat,2026-09-06T09:22,ai,false,true,false
c655,u452,address_change,chat,2026-09-11T08:22,human,false,false,false
c656,u452,address_change,voice,2026-09-11T19:22,ai,false,true,false
c657,u453,order_status,voice,2026-08-06T14:09,ai,true,false,false
c658,u454,billing_question,chat,2026-08-04T00:23,ai,false,false,false
c659,u454,billing_question,voice,2026-08-09T02:23,ai,false,true,false
c660,u454,billing_question,voice,2026-08-11T01:23,ai,false,false,true
c661,u455,order_status,voice,2026-07-15T02:11,ai,false,true,false
c662,u456,refund,chat,2026-08-21T03:55,ai,false,true,false
c663,u457,order_status,voice,2026-07-16T06:27,ai,true,false,false
c664,u458,cancel,voice,2026-08-30T05:30,ai,true,false,false
c665,u459,order_status,chat,2026-07-05T16:42,ai,false,false,false
c666,u459,order_status,voice,2026-07-07T14:42,human,false,false,false
c667,u459,order_status,chat,2026-07-11T16:42,human,false,false,false
c668,u460,cancel,voice,2026-08-23T08:46,ai,false,true,false
c669,u461,address_change,voice,2026-08-21T21:52,ai,false,true,false
c670,u462,cancel,chat,2026-07-24T10:22,ai,true,false,false
c671,u463,address_change,voice,2026-09-11T18:44,human,false,false,false
c672,u463,address_change,voice,2026-09-19T01:44,ai,false,true,false
c673,u464,refund,chat,2026-08-09T04:44,ai,false,true,false
c674,u465,refund,chat,2026-08-03T18:02,ai,false,true,false
c675,u466,refund,chat,2026-09-19T00:01,ai,true,false,false
c676,u467,order_status,voice,2026-08-12T17:47,ai,false,true,false
c677,u468,billing_question,voice,2026-09-02T02:08,ai,false,true,false
c678,u469,refund,voice,2026-08-27T18:16,ai,false,true,false
c679,u470,refund,chat,2026-09-13T18:45,ai,false,true,false
c680,u471,order_status,chat,2026-08-24T04:55,ai,false,true,false
c681,u472,order_status,chat,2026-09-02T08:11,ai,true,false,false
c682,u472,order_status,chat,2026-09-10T00:11,ai,false,false,true
c683,u473,refund,voice,2026-08-12T18:26,ai,false,true,false
c684,u474,address_change,voice,2026-07-06T00:06,human,false,false,false
c685,u474,address_change,voice,2026-07-07T01:06,ai,true,false,false
c686,u474,address_change,chat,2026-07-14T21:06,ai,false,true,false
c687,u475,billing_question,voice,2026-08-05T01:33,ai,true,false,false
c688,u476,order_status,chat,2026-07-06T23:23,ai,false,true,false
c689,u477,billing_question,chat,2026-08-21T10:19,ai,true,false,false
c690,u477,billing_question,voice,2026-08-28T06:19,ai,false,true,false
c691,u478,order_status,voice,2026-07-21T19:47,ai,false,true,false
c692,u479,refund,voice,2026-07-19T15:02,human,false,false,false
c693,u479,refund,voice,2026-07-20T08:02,ai,false,true,false
c694,u480,cancel,voice,2026-09-04T15:27,ai,false,true,false
c695,u481,refund,chat,2026-07-16T22:54,human,false,false,false
c696,u481,refund,voice,2026-07-19T02:54,ai,false,false,false
c697,u481,refund,chat,2026-07-27T10:54,ai,false,true,false
c698,u482,cancel,voice,2026-07-21T04:42,ai,false,true,false
c699,u483,address_change,voice,2026-08-26T07:40,ai,false,false,true
c700,u483,address_change,chat,2026-09-01T07:40,ai,false,true,false
c701,u484,address_change,chat,2026-08-09T19:24,ai,true,false,false
c702,u485,order_status,chat,2026-07-27T05:12,human,false,false,false
c703,u485,order_status,voice,2026-08-03T18:12,ai,true,false,false
c704,u485,order_status,chat,2026-08-05T16:12,ai,false,true,false
c705,u486,cancel,voice,2026-07-11T15:32,ai,false,true,false
c706,u487,refund,voice,2026-08-24T23:34,human,false,false,false
c707,u487,refund,chat,2026-08-27T04:34,ai,true,false,false
c708,u488,cancel,chat,2026-07-31T20:13,human,false,false,false
c709,u488,cancel,chat,2026-08-05T22:13,human,false,false,false
c710,u489,address_change,chat,2026-07-16T17:30,ai,false,true,false
c711,u490,refund,chat,2026-08-22T07:52,ai,false,true,false
c712,u491,address_change,voice,2026-07-21T17:54,human,false,false,false
c713,u492,cancel,voice,2026-08-02T02:52,ai,false,true,false
c714,u493,cancel,chat,2026-09-07T18:36,human,false,false,false
c715,u494,refund,voice,2026-09-13T00:03,ai,false,true,false
c716,u495,cancel,voice,2026-09-03T22:07,ai,false,true,false
c717,u496,refund,chat,2026-09-17T00:31,human,false,false,false
c718,u497,billing_question,voice,2026-07-31T21:14,ai,false,true,false
c719,u498,order_status,voice,2026-07-10T03:19,ai,false,true,false
c720,u499,order_status,voice,2026-08-15T07:36,ai,false,true,false
c721,u500,address_change,voice,2026-08-28T03:06,ai,false,false,false
c722,u501,order_status,voice,2026-08-24T14:27,ai,false,true,false
c723,u501,order_status,chat,2026-08-31T18:27,ai,false,false,false
c724,u502,billing_question,chat,2026-08-23T18:46,ai,true,false,false
c725,u502,billing_question,chat,2026-08-24T19:46,ai,false,true,false
c726,u503,cancel,chat,2026-09-11T23:23,ai,false,true,false
c727,u504,order_status,chat,2026-09-23T15:06,ai,false,true,false
c728,u505,cancel,voice,2026-07-01T23:40,ai,true,false,false
c729,u506,refund,voice,2026-07-17T16:31,ai,false,true,false
c730,u506,refund,chat,2026-07-18T08:31,ai,true,false,false
c731,u506,refund,voice,2026-07-20T01:31,ai,true,false,false
c732,u507,cancel,voice,2026-09-01T14:01,ai,false,true,false
c733,u507,cancel,chat,2026-09-09T22:01,ai,false,true,false
c734,u508,refund,chat,2026-08-17T00:42,human,false,false,false
c735,u509,refund,voice,2026-08-23T07:04,ai,true,false,false
c736,u510,address_change,chat,2026-09-15T02:21,human,false,false,false
c737,u510,address_change,chat,2026-09-15T04:21,ai,true,false,false
c738,u511,billing_question,chat,2026-07-13T22:26,ai,true,false,false
c739,u512,refund,voice,2026-07-19T02:26,ai,false,true,false
c740,u513,refund,chat,2026-08-10T13:17,ai,false,true,false
c741,u514,billing_question,voice,2026-09-08T23:14,human,false,false,false
c742,u514,billing_question,chat,2026-09-11T23:14,ai,false,true,false
c743,u515,address_change,chat,2026-09-02T20:06,ai,true,false,false
c744,u515,address_change,voice,2026-09-07T10:06,ai,false,true,false
c745,u516,cancel,voice,2026-08-19T20:55,ai,false,true,false
c746,u517,cancel,chat,2026-07-28T03:28,ai,false,true,false
c747,u518,billing_question,chat,2026-09-11T00:00,ai,false,true,false
c748,u519,billing_question,chat,2026-08-29T05:54,ai,true,false,false
c749,u520,billing_question,voice,2026-08-15T02:52,ai,false,false,true
c750,u521,address_change,voice,2026-07-24T04:04,ai,false,true,false
c751,u522,order_status,chat,2026-08-03T00:40,human,false,false,false
c752,u522,order_status,chat,2026-08-06T15:40,ai,false,true,false
c753,u523,order_status,chat,2026-09-06T01:23,human,false,false,false
c754,u523,order_status,chat,2026-09-08T11:23,ai,false,true,false
c755,u524,cancel,chat,2026-08-20T03:19,human,false,false,false
c756,u525,refund,chat,2026-07-04T15:05,ai,false,true,false
c757,u526,address_change,chat,2026-07-04T11:13,ai,true,false,false
c758,u526,address_change,voice,2026-07-12T02:13,ai,true,false,false
c759,u526,address_change,chat,2026-07-14T02:13,ai,false,true,false
c760,u527,billing_question,chat,2026-07-30T14:36,ai,false,false,false
c761,u527,billing_question,chat,2026-08-01T06:36,ai,false,true,false
c762,u528,cancel,chat,2026-09-10T23:46,human,false,false,false
c763,u528,cancel,chat,2026-09-11T06:46,ai,false,false,false
c764,u529,refund,chat,2026-08-15T05:11,ai,false,true,false
c765,u530,address_change,voice,2026-08-07T16:37,ai,false,true,false
c766,u531,cancel,chat,2026-09-23T13:18,human,false,false,false
c767,u531,cancel,chat,2026-09-27T15:18,ai,false,true,false
c768,u532,address_change,voice,2026-07-29T23:16,ai,false,true,false
c769,u533,order_status,chat,2026-08-14T18:52,human,false,false,false
c770,u533,order_status,chat,2026-08-22T22:52,ai,false,true,false
c771,u534,refund,voice,2026-07-10T08:47,ai,false,true,false
c772,u535,billing_question,voice,2026-08-29T01:11,ai,true,false,false
c773,u535,billing_question,voice,2026-09-05T02:11,ai,false,true,false
c774,u536,address_change,chat,2026-08-11T12:37,ai,false,true,false
c775,u536,address_change,chat,2026-08-20T12:37,ai,false,false,true
c776,u536,address_change,voice,2026-08-24T14:37,human,false,false,false
c777,u537,order_status,voice,2026-07-08T21:48,ai,false,true,false
c778,u538,order_status,chat,2026-09-05T08:49,ai,false,false,false
c779,u539,address_change,chat,2026-07-31T14:45,ai,false,false,false
c780,u539,address_change,chat,2026-08-01T07:45,ai,false,false,false
c781,u540,billing_question,voice,2026-07-20T07:38,ai,false,true,false
c782,u541,billing_question,chat,2026-08-13T18:28,human,false,false,false
c783,u542,order_status,voice,2026-08-20T10:29,ai,false,false,false
c784,u542,order_status,voice,2026-08-23T08:29,ai,true,false,false
c785,u543,refund,voice,2026-08-01T04:52,human,false,false,false
c786,u543,refund,chat,2026-08-02T10:52,human,false,false,false
c787,u543,refund,voice,2026-08-05T12:52,human,false,false,false
c788,u544,order_status,voice,2026-07-29T22:19,ai,true,false,false
c789,u544,order_status,chat,2026-08-02T22:19,ai,false,true,false
c790,u545,refund,chat,2026-08-02T19:11,ai,false,true,false
c791,u546,refund,chat,2026-08-20T08:23,ai,false,true,false
c792,u547,address_change,voice,2026-09-23T08:20,ai,false,true,false
c793,u547,address_change,voice,2026-09-27T23:20,ai,false,true,false
c794,u548,cancel,chat,2026-08-18T11:50,human,false,false,false
c795,u549,refund,voice,2026-07-10T06:04,ai,true,false,false
c796,u550,order_status,voice,2026-07-07T02:58,ai,false,true,false
c797,u551,billing_question,chat,2026-08-03T03:39,human,false,false,false
c798,u552,billing_question,chat,2026-08-26T17:35,ai,false,true,false
c799,u553,address_change,chat,2026-07-24T05:12,ai,true,false,false
c800,u553,address_change,voice,2026-07-30T13:12,ai,true,false,false
c801,u553,address_change,chat,2026-08-05T18:12,ai,false,true,false
c802,u554,refund,chat,2026-07-22T13:11,human,false,false,false
c803,u554,refund,voice,2026-07-31T09:11,ai,false,true,false
c804,u555,order_status,chat,2026-07-21T05:39,human,false,false,false
c805,u555,order_status,chat,2026-07-26T15:39,ai,true,false,false
c806,u555,order_status,chat,2026-07-29T11:39,ai,false,false,true
c807,u556,order_status,voice,2026-08-16T14:50,ai,false,true,false
c808,u557,order_status,chat,2026-09-03T06:43,ai,false,true,false
c809,u558,order_status,chat,2026-07-26T22:23,ai,false,false,true
c810,u558,order_status,chat,2026-07-28T19:23,ai,false,true,false
c811,u559,order_status,voice,2026-09-02T20:43,ai,false,true,false
c812,u560,address_change,voice,2026-07-23T14:07,ai,false,true,false
c813,u561,order_status,voice,2026-07-07T09:54,ai,false,true,false
c814,u562,billing_question,voice,2026-07-24T00:40,ai,false,true,false
c815,u563,cancel,chat,2026-09-13T03:22,human,false,false,false
c816,u563,cancel,chat,2026-09-18T08:22,ai,false,false,true
c817,u564,order_status,voice,2026-09-10T20:33,ai,false,false,true
c818,u564,order_status,voice,2026-09-13T06:33,ai,false,true,false
c819,u565,address_change,voice,2026-07-15T17:27,human,false,false,false
c820,u565,address_change,chat,2026-07-17T04:27,ai,false,true,false
c821,u566,address_change,chat,2026-09-04T05:58,ai,false,false,true
c822,u566,address_change,chat,2026-09-04T17:58,human,false,false,false
c823,u567,address_change,voice,2026-09-16T01:42,human,false,false,false
c824,u568,cancel,voice,2026-08-18T12:45,ai,false,true,false
c825,u569,cancel,voice,2026-08-23T12:36,human,false,false,false
c826,u570,order_status,voice,2026-08-08T02:50,ai,false,false,true
c827,u570,order_status,voice,2026-08-16T09:50,ai,false,true,false
c828,u571,address_change,chat,2026-08-06T14:14,human,false,false,false
c829,u572,refund,voice,2026-09-05T09:07,ai,false,true,false
c830,u573,refund,voice,2026-09-14T04:29,ai,false,true,false
c831,u574,address_change,voice,2026-08-19T22:01,ai,false,false,true
c832,u575,address_change,voice,2026-08-12T23:36,ai,false,true,false
c833,u576,billing_question,voice,2026-07-04T22:25,ai,false,false,false
c834,u576,billing_question,voice,2026-07-06T15:25,ai,false,true,false
c835,u577,refund,chat,2026-07-31T04:10,ai,true,false,false
c836,u577,refund,voice,2026-08-02T07:10,ai,false,true,false
c837,u578,billing_question,chat,2026-08-24T04:23,human,false,false,false
c838,u578,billing_question,voice,2026-08-26T05:23,ai,true,false,false
c839,u578,billing_question,chat,2026-08-29T17:23,ai,false,true,false
c840,u579,cancel,chat,2026-08-25T14:43,ai,true,false,false
c841,u579,cancel,voice,2026-08-31T22:43,ai,false,false,true
c842,u579,cancel,voice,2026-09-07T10:43,ai,false,true,false
c843,u580,order_status,voice,2026-09-21T03:06,ai,false,true,false
c844,u581,cancel,voice,2026-07-22T21:31,ai,true,false,false
c845,u581,cancel,voice,2026-07-31T05:31,ai,false,false,true
c846,u581,cancel,voice,2026-08-06T16:31,ai,false,true,false
c847,u582,order_status,voice,2026-07-24T15:57,ai,false,false,false
c848,u582,order_status,chat,2026-07-26T23:57,ai,true,false,false
c849,u582,order_status,voice,2026-07-27T02:57,ai,false,true,false
c850,u583,refund,chat,2026-07-10T02:54,ai,false,false,false
c851,u583,refund,voice,2026-07-14T07:54,ai,false,true,false
c852,u584,cancel,voice,2026-09-04T05:25,ai,true,false,false
c853,u584,cancel,voice,2026-09-11T11:25,human,false,false,false
c854,u584,cancel,voice,2026-09-11T18:25,human,false,false,false
c855,u585,refund,chat,2026-08-30T07:12,ai,false,true,false
c856,u586,billing_question,voice,2026-07-15T23:33,human,false,false,false
c857,u586,billing_question,voice,2026-07-20T01:33,ai,false,true,false
c858,u587,refund,chat,2026-08-19T07:05,ai,false,true,false
c859,u588,refund,voice,2026-08-29T22:51,ai,false,true,false
c860,u589,order_status,chat,2026-07-13T06:22,ai,false,false,false
c861,u590,address_change,chat,2026-08-21T13:56,ai,false,true,false
c862,u591,order_status,chat,2026-07-08T08:29,ai,true,false,false
c863,u591,order_status,chat,2026-07-09T03:29,ai,false,true,false
c864,u592,billing_question,chat,2026-08-18T11:46,ai,false,true,false
c865,u593,address_change,chat,2026-07-07T00:22,human,false,false,false
c866,u594,refund,chat,2026-09-02T19:52,ai,false,false,false
c867,u595,address_change,chat,2026-08-20T08:10,human,false,false,false
c868,u596,order_status,voice,2026-09-23T04:50,ai,false,false,false
c869,u597,billing_question,chat,2026-09-14T12:07,ai,false,true,false
c870,u598,address_change,voice,2026-08-06T01:16,ai,true,false,false
c871,u599,cancel,voice,2026-08-01T16:05,ai,true,false,false
c872,u599,cancel,chat,2026-08-03T10:05,ai,false,true,false
c873,u600,refund,chat,2026-08-12T22:44,human,false,false,false
c874,u601,refund,chat,2026-08-02T03:46,ai,false,true,false
c875,u602,billing_question,voice,2026-08-24T00:00,ai,false,true,false
c876,u603,refund,chat,2026-08-20T06:10,ai,false,true,false
c877,u604,order_status,voice,2026-09-10T13:50,human,false,false,false
c878,u605,billing_question,chat,2026-07-18T05:05,human,false,false,false
c879,u605,billing_question,voice,2026-07-23T17:05,human,false,false,false
c880,u605,billing_question,chat,2026-07-28T10:05,ai,true,false,false
c881,u606,refund,chat,2026-08-13T05:45,ai,false,true,false
c882,u606,refund,voice,2026-08-15T10:45,ai,false,true,false
c883,u607,address_change,voice,2026-08-27T09:10,ai,false,true,false
c884,u608,order_status,chat,2026-08-28T13:24,ai,false,true,false
c885,u608,order_status,chat,2026-09-03T17:24,human,false,false,false
c886,u608,order_status,voice,2026-09-05T23:24,ai,false,false,true
c887,u609,address_change,chat,2026-09-22T13:13,ai,false,true,false
c888,u610,order_status,voice,2026-07-11T10:00,ai,true,false,false
c889,u611,refund,voice,2026-08-01T22:08,ai,false,false,false
c890,u611,refund,voice,2026-08-06T10:08,ai,false,true,false
c891,u612,cancel,voice,2026-09-14T14:57,ai,false,false,false
c892,u612,cancel,chat,2026-09-15T04:57,ai,false,true,false
c893,u613,address_change,chat,2026-09-20T20:19,human,false,false,false
c894,u613,address_change,chat,2026-09-27T14:19,ai,true,false,false
c895,u613,address_change,voice,2026-09-29T01:19,human,false,false,false
c896,u614,refund,voice,2026-07-13T23:46,ai,false,true,false
c897,u615,cancel,chat,2026-08-24T08:37,ai,true,false,false
c898,u616,address_change,chat,2026-07-28T19:51,ai,false,true,false
c899,u617,address_change,voice,2026-07-03T06:57,ai,false,true,false
c900,u618,order_status,chat,2026-08-17T14:01,ai,false,true,false
c901,u619,refund,voice,2026-07-30T06:55,ai,false,true,false
c902,u620,cancel,voice,2026-07-04T20:10,ai,false,true,false
c903,u621,address_change,chat,2026-08-02T21:29,ai,false,false,false
c904,u621,address_change,voice,2026-08-03T03:29,ai,true,false,false
c905,u622,cancel,chat,2026-08-10T00:50,ai,true,false,false
c906,u622,cancel,voice,2026-08-15T11:50,ai,true,false,false
c907,u622,cancel,chat,2026-08-24T01:50,ai,true,false,false
c908,u623,order_status,voice,2026-09-13T04:37,ai,false,true,false
c909,u624,cancel,voice,2026-07-22T22:25,ai,false,false,false
c910,u624,cancel,chat,2026-07-23T14:25,human,false,false,false
c911,u624,cancel,voice,2026-07-29T18:25,ai,false,true,false
c912,u625,cancel,chat,2026-08-09T18:50,ai,false,true,false
c913,u626,cancel,voice,2026-08-15T02:59,ai,false,true,false
c914,u627,address_change,chat,2026-07-23T12:31,ai,false,false,false
c915,u628,address_change,chat,2026-09-13T02:55,human,false,false,false
c916,u628,address_change,chat,2026-09-19T00:55,ai,false,true,false
c917,u629,cancel,chat,2026-09-23T14:38,ai,false,true,false
c918,u630,cancel,voice,2026-09-01T13:29,ai,false,true,false
c919,u631,cancel,voice,2026-09-06T09:30,human,false,false,false
c920,u631,cancel,voice,2026-09-12T12:30,ai,false,true,false
c921,u632,billing_question,chat,2026-07-04T08:01,human,false,false,false
c922,u633,cancel,voice,2026-07-16T16:44,human,false,false,false
c923,u634,address_change,chat,2026-07-29T10:37,ai,false,true,false
c924,u635,refund,chat,2026-09-20T04:55,ai,false,true,false
c925,u636,cancel,voice,2026-07-21T08:33,human,false,false,false
c926,u637,order_status,voice,2026-07-25T08:21,ai,false,true,false
c927,u637,order_status,chat,2026-08-01T03:21,ai,true,false,false
c928,u637,order_status,voice,2026-08-03T18:21,ai,true,false,false
c929,u638,refund,chat,2026-08-10T19:33,ai,false,false,false
c930,u639,cancel,voice,2026-09-12T16:34,human,false,false,false
c931,u639,cancel,chat,2026-09-21T10:34,ai,false,true,false
c932,u640,cancel,voice,2026-09-10T13:01,ai,false,false,false
c933,u641,cancel,voice,2026-08-03T18:41,ai,true,false,false
c934,u642,address_change,voice,2026-08-30T07:16,ai,false,true,false
c935,u643,address_change,chat,2026-09-22T17:42,ai,false,true,false
c936,u644,refund,voice,2026-08-14T20:58,ai,false,true,false
c937,u645,refund,chat,2026-09-13T01:17,human,false,false,false
c938,u645,refund,voice,2026-09-13T20:17,ai,true,false,false
c939,u646,order_status,chat,2026-08-07T15:36,ai,true,false,false
c940,u647,address_change,voice,2026-08-27T09:07,ai,false,true,false
c941,u647,address_change,chat,2026-09-04T20:07,human,false,false,false
c942,u647,address_change,voice,2026-09-05T01:07,ai,false,false,false
c943,u648,order_status,voice,2026-08-23T07:51,ai,false,true,false
c944,u649,order_status,chat,2026-08-15T11:35,ai,false,true,false
c945,u650,billing_question,voice,2026-09-11T20:24,ai,true,false,false
c946,u651,address_change,chat,2026-07-05T03:58,ai,false,true,false
c947,u652,refund,chat,2026-08-01T23:34,ai,false,true,false
c948,u653,cancel,voice,2026-07-22T09:02,human,false,false,false
c949,u654,order_status,voice,2026-08-09T04:20,ai,false,false,false
c950,u654,order_status,chat,2026-08-14T22:20,ai,false,true,false
c951,u655,refund,chat,2026-07-03T19:28,human,false,false,false
c952,u656,billing_question,voice,2026-09-15T04:59,ai,false,true,false
c953,u657,refund,voice,2026-09-12T07:20,ai,false,true,false
c954,u658,refund,voice,2026-09-12T03:04,ai,false,true,false
c955,u658,refund,chat,2026-09-15T02:04,ai,true,false,false
c956,u658,refund,voice,2026-09-15T04:04,ai,false,true,false
c957,u659,billing_question,chat,2026-07-13T04:16,human,false,false,false
c958,u660,billing_question,chat,2026-08-16T04:12,ai,false,true,false
c959,u661,refund,chat,2026-09-21T03:16,ai,false,true,false
c960,u662,cancel,voice,2026-09-14T18:38,human,false,false,false
c961,u663,refund,voice,2026-07-29T12:55,ai,false,true,false
c962,u664,address_change,voice,2026-08-25T01:18,ai,true,false,false
c963,u665,order_status,chat,2026-08-31T06:37,human,false,false,false
c964,u666,address_change,chat,2026-07-30T09:41,ai,false,true,false
c965,u667,order_status,chat,2026-08-01T18:24,ai,true,false,false
c966,u667,order_status,voice,2026-08-09T20:24,ai,false,true,false
c967,u668,billing_question,voice,2026-08-26T23:14,ai,true,false,false
c968,u668,billing_question,chat,2026-09-02T07:14,ai,false,true,false
c969,u669,order_status,voice,2026-07-27T15:56,ai,false,false,true
c970,u669,order_status,chat,2026-07-30T17:56,ai,false,true,false
c971,u670,billing_question,chat,2026-07-06T16:51,ai,false,true,false
c972,u671,refund,voice,2026-08-16T12:37,ai,false,true,false
c973,u672,order_status,voice,2026-08-20T16:59,ai,false,true,false
c974,u673,refund,voice,2026-07-27T04:38,ai,false,false,false
c975,u674,refund,chat,2026-09-22T20:08,ai,false,false,true
c976,u674,refund,voice,2026-09-28T15:08,human,false,false,false
c977,u675,billing_question,chat,2026-09-07T11:52,ai,false,true,false
c978,u676,refund,voice,2026-07-29T05:34,ai,false,false,false
c979,u677,order_status,voice,2026-07-21T13:14,ai,false,true,false
c980,u678,cancel,voice,2026-08-08T01:21,ai,false,true,false
c981,u679,billing_question,voice,2026-07-29T17:01,human,false,false,false
c982,u679,billing_question,chat,2026-08-04T02:01,ai,false,false,true
c983,u679,billing_question,voice,2026-08-07T08:01,ai,false,true,false
c984,u680,billing_question,chat,2026-08-18T12:09,ai,false,true,false
c985,u681,cancel,voice,2026-09-13T15:13,ai,false,true,false
c986,u682,order_status,voice,2026-07-08T04:10,ai,true,false,false
c987,u683,billing_question,voice,2026-07-22T04:50,ai,false,true,false
c988,u684,refund,voice,2026-08-24T05:37,ai,false,true,false
c989,u685,address_change,voice,2026-08-18T11:12,ai,false,true,false
c990,u685,address_change,voice,2026-08-23T06:12,ai,false,true,false
c991,u686,refund,voice,2026-07-28T04:25,ai,false,true,false
c992,u687,billing_question,chat,2026-07-08T13:15,human,false,false,false
c993,u688,cancel,voice,2026-08-19T15:09,ai,false,true,false
c994,u689,cancel,chat,2026-08-24T10:28,ai,false,false,true
c995,u689,cancel,voice,2026-09-01T19:28,ai,false,true,false
c996,u690,cancel,voice,2026-08-30T21:11,human,false,false,false
c997,u690,cancel,chat,2026-09-06T08:11,ai,false,true,false
c998,u691,address_change,chat,2026-09-22T07:45,ai,false,true,false
c999,u692,cancel,voice,2026-07-14T10:41,human,false,false,false
c1000,u692,cancel,voice,2026-07-19T23:41,ai,false,false,false
c1001,u692,cancel,voice,2026-07-27T19:41,ai,false,true,false
c1002,u693,address_change,voice,2026-07-03T04:10,ai,false,true,false
c1003,u694,address_change,chat,2026-07-11T14:55,ai,false,true,false
c1004,u695,billing_question,voice,2026-08-15T09:41,ai,false,true,false
c1005,u696,cancel,chat,2026-09-11T00:33,ai,false,false,false
c1006,u697,order_status,chat,2026-07-22T10:30,human,false,false,false
c1007,u697,order_status,voice,2026-07-29T23:30,ai,true,false,false
c1008,u697,order_status,chat,2026-08-04T08:30,ai,true,false,false
c1009,u698,refund,voice,2026-07-05T02:35,ai,true,false,false
c1010,u698,refund,chat,2026-07-10T08:35,ai,false,true,false
c1011,u699,refund,chat,2026-09-17T08:53,ai,false,true,false
c1012,u700,address_change,voice,2026-09-10T11:26,ai,false,false,false
c1013,u700,address_change,chat,2026-09-16T08:26,ai,false,true,false
c1014,u701,order_status,chat,2026-07-31T16:13,human,false,false,false
c1015,u701,order_status,chat,2026-08-06T17:13,ai,false,true,false
c1016,u702,billing_question,voice,2026-09-12T07:45,human,false,false,false
c1017,u702,billing_question,voice,2026-09-16T00:45,ai,false,false,true
c1018,u702,billing_question,voice,2026-09-18T06:45,human,false,false,false
c1019,u703,order_status,chat,2026-08-30T22:05,ai,false,true,false
c1020,u704,billing_question,voice,2026-08-09T22:00,human,false,false,false
c1021,u704,billing_question,voice,2026-08-10T07:00,ai,false,true,false
c1022,u705,refund,chat,2026-07-23T03:05,ai,false,true,false
c1023,u706,address_change,chat,2026-09-20T17:39,ai,false,false,true
c1024,u706,address_change,chat,2026-09-27T00:39,human,false,false,false
c1025,u706,address_change,chat,2026-09-28T12:39,ai,false,true,false
c1026,u707,billing_question,chat,2026-07-26T07:19,ai,false,true,false
c1027,u708,cancel,voice,2026-08-18T16:26,ai,false,true,false
c1028,u709,refund,voice,2026-07-12T06:49,ai,false,false,true
c1029,u709,refund,chat,2026-07-19T08:49,ai,false,true,false
c1030,u710,cancel,voice,2026-08-12T05:06,ai,true,false,false
c1031,u711,address_change,voice,2026-09-21T08:20,ai,false,false,true
c1032,u712,cancel,chat,2026-08-22T16:12,ai,false,true,false
c1033,u713,billing_question,chat,2026-08-22T02:49,ai,false,true,false
c1034,u714,address_change,chat,2026-08-17T02:05,ai,false,false,false
c1035,u714,address_change,voice,2026-08-20T14:05,ai,false,true,false
c1036,u714,address_change,voice,2026-08-26T16:05,ai,false,true,false
c1037,u715,order_status,chat,2026-09-21T16:45,human,false,false,false
c1038,u715,order_status,chat,2026-09-30T13:45,ai,false,true,false
c1039,u716,address_change,chat,2026-07-11T09:50,ai,false,true,false
c1040,u717,billing_question,chat,2026-09-05T14:42,ai,false,true,false
c1041,u718,cancel,chat,2026-07-01T17:09,ai,false,true,false
c1042,u719,billing_question,chat,2026-08-01T04:27,ai,false,false,true
c1043,u720,order_status,chat,2026-07-30T19:20,human,false,false,false
c1044,u720,order_status,chat,2026-08-04T06:20,human,false,false,false
c1045,u721,order_status,chat,2026-08-10T18:31,ai,false,true,false
c1046,u722,cancel,chat,2026-07-25T08:16,ai,false,true,false
c1047,u723,billing_question,chat,2026-07-20T08:38,human,false,false,false
c1048,u724,refund,voice,2026-09-05T00:10,ai,false,true,false
c1049,u725,refund,voice,2026-09-09T11:18,ai,true,false,false
c1050,u725,refund,chat,2026-09-15T03:18,ai,false,true,false
c1051,u726,address_change,chat,2026-09-02T14:09,human,false,false,false
c1052,u726,address_change,voice,2026-09-09T12:09,ai,false,true,false
c1053,u727,address_change,chat,2026-07-09T07:43,ai,false,true,false
c1054,u728,address_change,chat,2026-09-10T15:46,ai,false,true,false
c1055,u729,order_status,voice,2026-07-15T22:55,ai,false,false,true
c1056,u729,order_status,voice,2026-07-21T05:55,human,false,false,false
c1057,u729,order_status,voice,2026-07-24T13:55,ai,false,false,true
c1058,u730,order_status,voice,2026-09-06T22:37,ai,false,true,false
c1059,u731,address_change,voice,2026-08-25T12:44,ai,false,false,true
c1060,u731,address_change,voice,2026-08-27T13:44,ai,false,true,false
c1061,u732,order_status,voice,2026-08-20T07:36,ai,false,true,false
c1062,u733,billing_question,voice,2026-07-16T01:18,ai,false,false,true
c1063,u733,billing_question,voice,2026-07-16T18:18,ai,true,false,false
c1064,u734,order_status,voice,2026-08-16T02:27,ai,false,true,false
c1065,u735,refund,voice,2026-08-10T21:01,ai,false,false,true
c1066,u735,refund,voice,2026-08-14T09:01,ai,false,true,false
c1067,u736,billing_question,chat,2026-09-17T16:05,ai,true,false,false
c1068,u737,refund,chat,2026-09-18T15:44,ai,false,false,true
c1069,u737,refund,voice,2026-09-26T05:44,human,false,false,false
c1070,u738,address_change,voice,2026-07-06T01:01,ai,false,true,false
c1071,u739,billing_question,voice,2026-08-11T22:16,ai,true,false,false
c1072,u739,billing_question,voice,2026-08-17T11:16,ai,false,false,true
c1073,u740,cancel,chat,2026-08-20T13:01,ai,false,false,true
c1074,u741,order_status,voice,2026-09-02T03:37,ai,false,false,true
c1075,u742,billing_question,chat,2026-09-22T03:37,ai,true,false,false
c1076,u742,billing_question,voice,2026-09-23T16:37,human,false,false,false
c1077,u743,order_status,chat,2026-09-23T17:05,ai,false,true,false
c1078,u744,refund,voice,2026-07-15T05:20,human,false,false,false
c1079,u745,order_status,voice,2026-09-15T03:35,ai,false,true,false
c1080,u746,order_status,voice,2026-08-03T02:50,ai,true,false,false
c1081,u746,order_status,voice,2026-08-09T13:50,human,false,false,false
c1082,u746,order_status,voice,2026-08-17T05:50,ai,false,true,false
c1083,u747,billing_question,voice,2026-08-03T22:37,ai,true,false,false
c1084,u747,billing_question,voice,2026-08-05T07:37,ai,true,false,false
c1085,u747,billing_question,voice,2026-08-08T03:37,ai,false,true,false
c1086,u748,cancel,chat,2026-08-24T20:44,ai,false,false,false
c1087,u749,order_status,voice,2026-08-16T09:27,ai,true,false,false
c1088,u750,refund,voice,2026-07-22T17:10,ai,false,false,true
c1089,u750,refund,voice,2026-07-22T22:10,ai,false,true,false
c1090,u751,cancel,voice,2026-09-01T17:32,ai,true,false,false
c1091,u751,cancel,voice,2026-09-04T20:32,ai,true,false,false
c1092,u751,cancel,voice,2026-09-10T07:32,human,false,false,false
c1093,u752,address_change,voice,2026-09-06T03:21,ai,false,true,false
c1094,u753,order_status,voice,2026-09-15T19:24,human,false,false,false
c1095,u754,address_change,chat,2026-07-13T22:35,ai,false,true,false
c1096,u755,address_change,chat,2026-07-21T00:00,human,false,false,false
c1097,u755,address_change,voice,2026-07-23T09:00,human,false,false,false
c1098,u756,order_status,voice,2026-07-07T19:54,human,false,false,false
c1099,u757,order_status,chat,2026-08-22T13:41,ai,false,true,false
c1100,u758,order_status,voice,2026-07-27T21:06,ai,false,true,false
c1101,u759,address_change,chat,2026-07-07T12:12,ai,false,false,true
c1102,u760,billing_question,voice,2026-08-10T21:37,ai,false,true,false
c1103,u761,address_change,chat,2026-09-13T14:34,ai,false,true,false
c1104,u762,order_status,voice,2026-08-19T09:16,ai,false,false,false
c1105,u762,order_status,chat,2026-08-23T19:16,ai,false,true,false
c1106,u763,cancel,chat,2026-07-13T00:02,ai,false,true,false
c1107,u764,order_status,voice,2026-08-24T12:19,human,false,false,false
c1108,u764,order_status,voice,2026-08-29T04:19,ai,false,false,true
c1109,u764,order_status,chat,2026-08-30T01:19,ai,false,true,false
c1110,u765,address_change,voice,2026-08-13T06:01,human,false,false,false
c1111,u765,address_change,chat,2026-08-15T00:01,ai,false,true,false
c1112,u766,billing_question,chat,2026-07-10T13:39,ai,false,false,false
c1113,u767,billing_question,voice,2026-08-13T00:12,ai,true,false,false
c1114,u767,billing_question,chat,2026-08-18T00:12,ai,true,false,false
c1115,u767,billing_question,voice,2026-08-20T11:12,ai,false,true,false
c1116,u768,billing_question,voice,2026-08-09T17:46,ai,false,true,false
c1117,u769,address_change,voice,2026-07-11T17:25,ai,false,false,false
c1118,u769,address_change,chat,2026-07-12T13:25,ai,false,false,false
c1119,u769,address_change,voice,2026-07-16T07:25,ai,false,true,false
c1120,u770,order_status,chat,2026-07-23T17:12,human,false,false,false
c1121,u770,order_status,voice,2026-07-26T23:12,ai,false,true,false
c1122,u771,billing_question,voice,2026-09-06T21:53,ai,false,false,false
c1123,u771,billing_question,voice,2026-09-07T08:53,ai,false,true,false
c1124,u772,cancel,chat,2026-08-12T14:55,ai,false,true,false
c1125,u773,order_status,voice,2026-08-17T17:16,ai,true,false,false
c1126,u774,order_status,chat,2026-07-25T11:23,ai,true,false,false
c1127,u774,order_status,voice,2026-07-27T21:23,ai,false,false,true
c1128,u775,cancel,chat,2026-08-22T21:13,ai,false,true,false
c1129,u776,refund,voice,2026-07-21T14:17,ai,false,false,false
c1130,u776,refund,chat,2026-07-23T00:17,ai,false,true,false
c1131,u777,address_change,chat,2026-08-07T15:09,ai,false,true,false
c1132,u778,billing_question,chat,2026-08-22T04:16,ai,false,true,false
c1133,u779,order_status,chat,2026-08-14T06:21,ai,false,true,false
c1134,u779,order_status,chat,2026-08-15T16:21,human,false,false,false
c1135,u780,refund,chat,2026-07-25T11:35,ai,false,true,false
c1136,u781,cancel,voice,2026-08-12T10:50,ai,false,true,false
c1137,u782,cancel,chat,2026-09-11T03:03,ai,true,false,false
c1138,u783,order_status,voice,2026-07-15T15:41,ai,true,false,false
c1139,u783,order_status,voice,2026-07-24T10:41,ai,true,false,false
c1140,u784,refund,voice,2026-08-07T17:28,ai,false,true,false
c1141,u785,billing_question,chat,2026-08-30T07:29,ai,false,true,false
c1142,u786,billing_question,chat,2026-09-20T03:26,ai,false,false,false
c1143,u786,billing_question,chat,2026-09-26T19:26,ai,false,true,false
c1144,u787,refund,chat,2026-09-15T05:40,ai,false,false,false
c1145,u787,refund,voice,2026-09-18T23:40,ai,false,false,false
c1146,u787,refund,voice,2026-09-21T03:40,ai,false,true,false
c1147,u788,billing_question,voice,2026-09-11T12:16,ai,true,false,false
c1148,u788,billing_question,chat,2026-09-18T15:16,ai,false,true,false
c1149,u789,refund,chat,2026-07-19T19:47,ai,true,false,false
c1150,u789,refund,chat,2026-07-27T06:47,human,false,false,false
c1151,u790,cancel,chat,2026-07-02T14:56,ai,true,false,false
c1152,u790,cancel,voice,2026-07-06T14:56,ai,false,true,false
c1153,u791,cancel,chat,2026-08-19T04:09,human,false,false,false
c1154,u792,order_status,chat,2026-07-28T05:29,ai,false,true,false
c1155,u793,billing_question,voice,2026-07-21T03:06,ai,true,false,false
c1156,u793,billing_question,voice,2026-07-24T01:06,ai,false,true,false
c1157,u794,billing_question,voice,2026-09-02T08:36,human,false,false,false
c1158,u794,billing_question,chat,2026-09-07T18:36,ai,false,true,false
c1159,u795,order_status,voice,2026-07-07T10:09,human,false,false,false
c1160,u795,order_status,voice,2026-07-11T05:09,ai,false,true,false
c1161,u795,order_status,voice,2026-07-17T06:09,ai,false,true,false
c1162,u796,billing_question,chat,2026-08-25T01:27,ai,true,false,false
c1163,u797,refund,voice,2026-08-06T08:34,ai,true,false,false
c1164,u798,order_status,chat,2026-08-28T10:15,ai,false,true,false
c1165,u799,cancel,voice,2026-08-21T09:21,ai,false,true,false
c1166,u800,cancel,chat,2026-08-03T13:42,ai,false,true,false
c1167,u801,cancel,voice,2026-07-11T12:28,human,false,false,false
c1168,u802,billing_question,chat,2026-08-16T00:20,ai,false,true,false
c1169,u803,refund,voice,2026-08-12T22:23,ai,false,false,false
c1170,u803,refund,chat,2026-08-21T20:23,ai,false,false,false
c1171,u803,refund,voice,2026-08-24T18:23,ai,true,false,false
c1172,u804,refund,voice,2026-08-16T07:51,human,false,false,false
c1173,u805,cancel,chat,2026-09-16T14:42,ai,false,true,false
c1174,u806,cancel,chat,2026-08-11T21:21,ai,true,false,false
c1175,u807,address_change,chat,2026-07-26T23:16,human,false,false,false
c1176,u808,order_status,chat,2026-07-21T23:13,ai,false,true,false
c1177,u809,cancel,voice,2026-07-20T17:07,human,false,false,false
c1178,u809,cancel,voice,2026-07-24T03:07,ai,false,true,false
c1179,u810,billing_question,chat,2026-07-02T01:36,ai,false,false,true
c1180,u810,billing_question,chat,2026-07-03T20:36,ai,false,true,false
c1181,u811,billing_question,chat,2026-08-17T09:53,ai,false,false,true
c1182,u811,billing_question,voice,2026-08-18T12:53,ai,false,true,false
c1183,u812,order_status,voice,2026-08-06T10:37,ai,true,false,false
c1184,u813,order_status,chat,2026-07-31T06:28,human,false,false,false
c1185,u814,billing_question,chat,2026-07-23T03:34,ai,true,false,false
c1186,u814,billing_question,chat,2026-07-24T15:34,ai,false,false,true
c1187,u814,billing_question,voice,2026-07-26T13:34,ai,false,true,false
c1188,u815,cancel,chat,2026-08-25T09:16,human,false,false,false
c1189,u816,cancel,chat,2026-08-17T01:53,ai,true,false,false
c1190,u817,order_status,chat,2026-07-27T06:45,ai,false,true,false
c1191,u818,refund,voice,2026-07-07T08:41,ai,false,true,false
c1192,u819,billing_question,chat,2026-07-17T11:46,ai,false,true,false
c1193,u819,billing_question,chat,2026-07-22T22:46,ai,false,false,false
c1194,u819,billing_question,chat,2026-07-25T17:46,ai,true,false,false
c1195,u820,billing_question,voice,2026-07-22T19:32,ai,false,false,false
c1196,u820,billing_question,voice,2026-07-23T15:32,ai,false,false,true
c1197,u820,billing_question,chat,2026-07-28T10:32,ai,false,true,false
c1198,u821,cancel,voice,2026-09-10T13:01,ai,false,true,false
c1199,u822,cancel,voice,2026-09-02T20:13,human,false,false,false
c1200,u822,cancel,chat,2026-09-06T16:13,ai,false,true,false
c1201,u823,refund,chat,2026-07-08T20:41,ai,false,false,false
c1202,u823,refund,chat,2026-07-09T05:41,ai,false,false,true
c1203,u823,refund,chat,2026-07-14T02:41,ai,true,false,false
c1204,u824,order_status,chat,2026-08-19T14:26,ai,false,false,false
c1205,u824,order_status,voice,2026-08-28T07:26,ai,false,true,false
c1206,u824,order_status,voice,2026-08-29T01:26,human,false,false,false
c1207,u825,cancel,chat,2026-07-30T20:04,ai,false,true,false
c1208,u826,refund,voice,2026-09-21T08:26,ai,true,false,false
c1209,u827,order_status,chat,2026-07-30T05:43,ai,true,false,false
c1210,u827,order_status,voice,2026-08-02T18:43,ai,false,true,false
c1211,u828,cancel,voice,2026-07-21T19:01,ai,false,true,false
c1212,u829,order_status,voice,2026-07-25T07:33,human,false,false,false
c1213,u829,order_status,voice,2026-07-26T09:33,ai,false,true,false
c1214,u830,refund,voice,2026-08-17T11:54,ai,true,false,false
c1215,u830,refund,voice,2026-08-20T20:54,ai,true,false,false
c1216,u830,refund,chat,2026-08-25T00:54,human,false,false,false
c1217,u831,address_change,voice,2026-08-16T07:35,human,false,false,false
c1218,u831,address_change,voice,2026-08-18T22:35,ai,false,true,false
c1219,u832,cancel,voice,2026-09-14T22:01,ai,false,true,false
c1220,u833,cancel,chat,2026-09-01T09:45,ai,false,true,false
c1221,u834,refund,chat,2026-08-18T16:00,ai,false,true,false
c1222,u835,cancel,chat,2026-09-21T02:14,ai,false,true,false
c1223,u836,order_status,voice,2026-08-19T04:30,ai,false,true,false
c1224,u837,order_status,chat,2026-09-04T13:02,human,false,false,false
c1225,u837,order_status,voice,2026-09-12T00:02,ai,false,true,false
c1226,u838,address_change,chat,2026-07-20T05:41,ai,false,true,false
c1227,u839,refund,chat,2026-09-20T19:04,ai,false,true,false
c1228,u840,cancel,voice,2026-08-16T18:30,ai,true,false,false
c1229,u841,address_change,chat,2026-09-04T05:39,ai,false,false,false
c1230,u842,billing_question,chat,2026-09-17T04:09,ai,false,true,false
c1231,u843,address_change,chat,2026-09-05T07:43,ai,false,true,false
c1232,u844,billing_question,voice,2026-08-19T19:07,ai,false,true,false
c1233,u845,refund,voice,2026-07-14T07:37,ai,true,false,false
c1234,u845,refund,chat,2026-07-15T00:37,ai,false,true,false
c1235,u846,cancel,voice,2026-08-08T08:50,ai,false,true,false
c1236,u847,cancel,voice,2026-07-18T07:54,ai,false,true,false
c1237,u847,cancel,chat,2026-07-25T14:54,human,false,false,false
c1238,u848,billing_question,voice,2026-07-20T13:13,ai,false,true,false
c1239,u849,address_change,voice,2026-07-27T12:48,ai,false,true,false
c1240,u850,address_change,voice,2026-07-11T05:10,ai,false,false,false
c1241,u850,address_change,voice,2026-07-13T18:10,ai,false,true,false
c1242,u851,order_status,chat,2026-08-31T11:56,ai,false,true,false
c1243,u852,billing_question,chat,2026-09-23T22:22,ai,false,false,true
c1244,u853,address_change,chat,2026-08-16T16:27,human,false,false,false
c1245,u853,address_change,voice,2026-08-18T02:27,ai,false,true,false
c1246,u854,billing_question,chat,2026-07-03T05:36,human,false,false,false
c1247,u855,cancel,voice,2026-07-25T11:37,ai,false,true,false
c1248,u856,order_status,voice,2026-07-26T13:58,human,false,false,false
c1249,u857,order_status,chat,2026-09-14T14:46,ai,false,true,false
c1250,u858,billing_question,chat,2026-08-17T14:31,ai,false,true,false
c1251,u859,refund,chat,2026-07-20T17:54,ai,true,false,false
c1252,u860,address_change,chat,2026-07-11T06:12,ai,false,true,false
c1253,u861,cancel,voice,2026-08-20T04:09,ai,false,true,false
c1254,u862,billing_question,chat,2026-09-23T15:50,ai,false,true,false
c1255,u863,cancel,chat,2026-07-02T13:25,ai,false,false,false
c1256,u864,cancel,chat,2026-07-17T01:40,ai,false,false,false
c1257,u864,cancel,chat,2026-07-22T04:40,ai,true,false,false
c1258,u865,order_status,voice,2026-09-02T20:47,ai,false,true,false
c1259,u866,address_change,chat,2026-08-12T15:52,ai,false,true,false
c1260,u867,order_status,voice,2026-07-11T16:11,human,false,false,false
c1261,u867,order_status,voice,2026-07-11T21:11,ai,false,true,false
c1262,u868,billing_question,chat,2026-08-29T13:56,human,false,false,false
c1263,u868,billing_question,chat,2026-08-29T18:56,ai,false,true,false
c1264,u869,refund,chat,2026-07-09T09:47,ai,false,true,false
c1265,u870,cancel,chat,2026-07-11T01:45,ai,false,true,false
c1266,u871,billing_question,voice,2026-09-23T12:33,ai,true,false,false
c1267,u871,billing_question,chat,2026-09-24T14:33,ai,false,true,false
c1268,u872,billing_question,voice,2026-09-12T11:16,ai,true,false,false
c1269,u872,billing_question,voice,2026-09-16T02:16,ai,false,true,false
c1270,u873,billing_question,voice,2026-08-06T08:01,ai,false,true,false
c1271,u874,refund,chat,2026-08-01T17:13,ai,false,true,false
c1272,u875,address_change,chat,2026-07-14T22:08,human,false,false,false
c1273,u875,address_change,chat,2026-07-15T10:08,ai,false,true,false
c1274,u876,billing_question,chat,2026-08-20T20:31,ai,false,false,true
c1275,u877,cancel,chat,2026-08-10T12:53,ai,false,false,false
c1276,u877,cancel,voice,2026-08-11T11:53,ai,false,false,true
c1277,u877,cancel,voice,2026-08-16T12:53,ai,false,true,false
c1278,u878,billing_question,chat,2026-07-25T00:39,ai,false,true,false
c1279,u878,billing_question,voice,2026-08-01T20:39,human,false,false,false
c1280,u879,refund,chat,2026-07-19T07:02,ai,false,false,true
c1281,u879,refund,voice,2026-07-20T16:02,ai,false,true,false
c1282,u880,billing_question,chat,2026-09-10T00:07,human,false,false,false
c1283,u880,billing_question,chat,2026-09-10T18:07,human,false,false,false
c1284,u880,billing_question,chat,2026-09-14T06:07,ai,false,true,false
c1285,u881,cancel,chat,2026-09-14T07:09,ai,false,true,false
c1286,u882,billing_question,chat,2026-08-23T22:22,ai,false,true,false
c1287,u883,cancel,chat,2026-07-25T06:58,ai,false,true,false
c1288,u884,refund,voice,2026-07-24T15:05,human,false,false,false
c1289,u884,refund,voice,2026-07-26T10:05,ai,false,false,false
c1290,u884,refund,voice,2026-08-03T12:05,ai,false,true,false
c1291,u885,address_change,voice,2026-08-16T06:04,human,false,false,false
c1292,u885,address_change,voice,2026-08-25T01:04,ai,true,false,false
c1293,u886,order_status,voice,2026-07-07T09:41,human,false,false,false
c1294,u886,order_status,voice,2026-07-16T00:41,ai,false,false,false
c1295,u887,billing_question,chat,2026-08-26T05:51,ai,false,true,false
c1296,u888,address_change,voice,2026-09-01T16:10,ai,false,true,false
c1297,u889,billing_question,voice,2026-07-19T17:21,ai,true,false,false
c1298,u889,billing_question,chat,2026-07-28T13:21,ai,false,true,false
c1299,u890,billing_question,chat,2026-08-03T20:04,ai,false,true,false
c1300,u891,order_status,chat,2026-09-04T23:19,ai,true,false,false
c1301,u892,refund,chat,2026-09-07T14:12,ai,false,true,false
c1302,u893,cancel,voice,2026-07-23T05:41,ai,false,false,true
c1303,u894,refund,chat,2026-07-13T06:12,ai,false,false,true
c1304,u894,refund,voice,2026-07-20T10:12,ai,false,false,true
c1305,u895,order_status,voice,2026-08-26T04:06,ai,false,true,false
c1306,u896,address_change,chat,2026-08-29T08:07,human,false,false,false
c1307,u896,address_change,voice,2026-09-06T03:07,ai,false,true,false
c1308,u897,address_change,voice,2026-08-31T06:04,ai,true,false,false
c1309,u898,address_change,voice,2026-08-11T11:51,ai,false,true,false
c1310,u899,refund,voice,2026-08-27T22:27,ai,false,true,false
c1311,u899,refund,voice,2026-09-02T17:27,human,false,false,false
c1312,u899,refund,chat,2026-09-03T12:27,human,false,false,false
c1313,u900,cancel,chat,2026-07-24T02:03,human,false,false,false
c1314,u901,order_status,chat,2026-07-13T11:52,ai,true,false,false
c1315,u902,refund,voice,2026-08-29T05:58,ai,true,false,false
c1316,u902,refund,chat,2026-08-29T18:58,ai,false,false,true
c1317,u903,refund,chat,2026-09-07T07:53,ai,false,true,false
c1318,u904,cancel,voice,2026-07-16T16:26,ai,false,true,false
c1319,u905,cancel,voice,2026-08-18T12:35,ai,false,true,false
c1320,u906,refund,voice,2026-07-20T00:54,ai,false,true,false
c1321,u907,cancel,voice,2026-07-01T18:31,ai,false,false,true
c1322,u907,cancel,voice,2026-07-04T21:31,ai,false,false,false
c1323,u907,cancel,voice,2026-07-12T10:31,ai,false,true,false
c1324,u908,order_status,chat,2026-09-12T03:45,human,false,false,false
c1325,u908,order_status,voice,2026-09-18T14:45,ai,false,true,false
c1326,u909,address_change,chat,2026-07-17T00:01,human,false,false,false
c1327,u909,address_change,voice,2026-07-19T05:01,ai,false,true,false
c1328,u910,address_change,voice,2026-09-01T10:18,ai,false,true,false
c1329,u911,refund,chat,2026-09-02T09:17,ai,true,false,false
c1330,u911,refund,chat,2026-09-03T00:17,ai,false,true,false
c1331,u912,refund,chat,2026-09-07T00:15,ai,false,true,false
c1332,u912,refund,chat,2026-09-12T23:15,ai,false,true,false
c1333,u913,order_status,voice,2026-07-15T12:18,ai,true,false,false
c1334,u913,order_status,chat,2026-07-23T23:18,ai,false,true,false
c1335,u914,refund,chat,2026-08-16T03:35,ai,false,true,false
c1336,u915,order_status,chat,2026-08-23T20:11,ai,false,true,false
c1337,u916,order_status,voice,2026-08-13T04:25,ai,false,false,true
c1338,u917,billing_question,voice,2026-09-23T06:20,human,false,false,false
c1339,u918,order_status,chat,2026-07-18T02:56,ai,false,true,false
c1340,u919,refund,chat,2026-09-19T14:22,ai,false,true,false
c1341,u920,billing_question,voice,2026-08-11T04:25,ai,false,true,false
c1342,u921,order_status,chat,2026-08-21T22:02,ai,false,true,false
c1343,u922,refund,chat,2026-08-22T20:40,ai,true,false,false
c1344,u922,refund,voice,2026-08-31T05:40,ai,false,true,false
c1345,u923,order_status,voice,2026-07-28T03:48,ai,true,false,false
c1346,u923,order_status,chat,2026-07-28T23:48,ai,false,false,true
c1347,u924,order_status,voice,2026-08-27T20:42,human,false,false,false
c1348,u924,order_status,chat,2026-09-05T12:42,ai,false,true,false
c1349,u925,billing_question,voice,2026-09-05T23:05,ai,true,false,false
c1350,u925,billing_question,voice,2026-09-07T06:05,ai,false,false,true
c1351,u926,refund,voice,2026-07-03T18:33,ai,false,true,false
c1352,u927,order_status,chat,2026-08-24T20:44,ai,true,false,false
c1353,u928,cancel,voice,2026-08-16T22:10,ai,false,true,false
c1354,u929,address_change,voice,2026-08-17T22:31,ai,true,false,false
c1355,u929,address_change,voice,2026-08-22T11:31,ai,true,false,false
c1356,u930,billing_question,chat,2026-07-06T07:51,ai,false,true,false
c1357,u931,address_change,chat,2026-08-02T01:10,human,false,false,false
c1358,u931,address_change,chat,2026-08-03T02:10,ai,false,false,false
c1359,u932,order_status,chat,2026-07-04T04:05,ai,false,true,false
c1360,u933,cancel,chat,2026-08-06T02:03,ai,false,true,false
c1361,u934,address_change,chat,2026-09-07T14:00,ai,false,true,false
c1362,u935,cancel,voice,2026-07-26T11:03,ai,false,true,false
c1363,u936,billing_question,chat,2026-08-14T20:07,ai,false,true,false
c1364,u937,address_change,voice,2026-07-24T20:02,ai,false,false,false
c1365,u937,address_change,voice,2026-07-30T13:02,human,false,false,false
c1366,u937,address_change,voice,2026-08-08T01:02,ai,false,true,false
c1367,u938,cancel,chat,2026-07-20T07:22,ai,false,false,true
c1368,u939,refund,voice,2026-09-16T16:30,ai,true,false,false
c1369,u939,refund,chat,2026-09-19T01:30,ai,false,true,false
c1370,u940,billing_question,voice,2026-07-31T07:21,ai,false,true,false
c1371,u941,refund,chat,2026-09-12T18:44,ai,false,false,false
c1372,u941,refund,voice,2026-09-21T14:44,ai,false,false,false
c1373,u942,address_change,voice,2026-08-17T05:59,ai,false,true,false
c1374,u943,refund,voice,2026-07-13T14:54,ai,false,true,false
c1375,u943,refund,chat,2026-07-16T04:54,ai,false,true,false
c1376,u944,order_status,chat,2026-09-08T06:14,ai,false,false,true
c1377,u944,order_status,chat,2026-09-14T11:14,ai,true,false,false
c1378,u944,order_status,chat,2026-09-22T14:14,human,false,false,false
c1379,u945,refund,chat,2026-09-02T08:04,ai,false,true,false
c1380,u946,address_change,chat,2026-08-30T20:33,human,false,false,false
c1381,u946,address_change,chat,2026-09-05T02:33,ai,false,true,false
c1382,u947,refund,voice,2026-08-22T18:13,human,false,false,false
c1383,u948,address_change,chat,2026-08-01T10:54,ai,false,false,true
c1384,u949,cancel,voice,2026-07-22T15:58,ai,false,true,false
c1385,u950,order_status,voice,2026-07-01T20:18,ai,false,false,false
c1386,u950,order_status,voice,2026-07-09T11:18,ai,false,false,false
c1387,u951,refund,chat,2026-07-01T17:12,ai,false,true,false
c1388,u952,address_change,voice,2026-08-29T01:53,ai,false,false,false
c1389,u953,cancel,chat,2026-07-14T18:08,ai,false,false,true
c1390,u953,cancel,chat,2026-07-19T14:08,ai,true,false,false
c1391,u953,cancel,chat,2026-07-22T13:08,ai,false,true,false
c1392,u954,cancel,chat,2026-09-19T14:48,ai,false,true,false
c1393,u955,refund,voice,2026-09-01T01:12,ai,false,true,false
c1394,u956,billing_question,chat,2026-07-06T00:19,ai,false,false,true
c1395,u957,cancel,voice,2026-09-03T05:42,ai,false,false,false
c1396,u957,cancel,voice,2026-09-10T02:42,ai,false,true,false
c1397,u958,billing_question,chat,2026-07-15T01:25,ai,false,false,true
c1398,u958,billing_question,chat,2026-07-15T09:25,ai,false,true,false
c1399,u959,billing_question,chat,2026-07-29T21:03,ai,false,true,false
c1400,u960,refund,voice,2026-07-25T15:22,human,false,false,false
c1401,u961,address_change,voice,2026-08-26T16:24,ai,false,true,false
c1402,u962,address_change,chat,2026-08-28T11:45,human,false,false,false
c1403,u962,address_change,voice,2026-09-04T02:45,ai,false,true,false
c1404,u963,order_status,voice,2026-07-21T22:27,ai,false,true,false
c1405,u964,address_change,voice,2026-08-13T04:48,ai,false,false,false
c1406,u964,address_change,chat,2026-08-15T15:48,ai,false,true,false
c1407,u965,order_status,voice,2026-07-11T04:54,ai,false,true,false
c1408,u966,order_status,chat,2026-08-08T06:39,ai,false,true,false
c1409,u967,refund,chat,2026-09-22T10:03,ai,false,true,false
c1410,u968,address_change,voice,2026-07-03T01:58,ai,false,true,false
c1411,u969,cancel,voice,2026-07-27T21:20,ai,false,false,false
c1412,u970,billing_question,voice,2026-08-23T21:10,ai,false,false,false
c1413,u970,billing_question,voice,2026-08-24T23:10,ai,false,false,false
c1414,u971,cancel,chat,2026-08-05T07:02,ai,false,true,false
c1415,u972,address_change,chat,2026-08-11T14:37,human,false,false,false
c1416,u973,order_status,voice,2026-08-31T06:24,ai,false,true,false
c1417,u974,refund,voice,2026-09-12T04:06,ai,false,true,false
c1418,u975,refund,chat,2026-08-04T04:29,ai,false,false,true
c1419,u975,refund,chat,2026-08-07T23:29,human,false,false,false
c1420,u976,cancel,chat,2026-07-06T20:11,human,false,false,false
c1421,u977,order_status,chat,2026-09-07T12:59,ai,false,true,false
c1422,u978,refund,voice,2026-08-25T06:19,ai,false,true,false
c1423,u979,billing_question,chat,2026-08-27T01:31,ai,false,true,false
c1424,u980,cancel,voice,2026-09-08T12:56,ai,false,true,false
c1425,u981,billing_question,chat,2026-08-23T07:15,ai,false,true,false
c1426,u982,refund,voice,2026-09-14T14:14,ai,false,true,false
c1427,u983,refund,voice,2026-08-03T00:29,human,false,false,false
c1428,u983,refund,chat,2026-08-06T17:29,ai,false,true,false
c1429,u984,cancel,voice,2026-08-16T06:16,ai,false,false,false
c1430,u985,address_change,voice,2026-07-12T07:37,human,false,false,false
c1431,u986,order_status,voice,2026-09-07T22:28,ai,false,true,false
c1432,u987,cancel,chat,2026-09-06T08:40,human,false,false,false
c1433,u988,order_status,voice,2026-08-23T07:16,human,false,false,false
c1434,u989,billing_question,chat,2026-07-01T19:08,ai,false,true,false
c1435,u990,cancel,chat,2026-07-16T23:28,ai,false,true,false
c1436,u991,refund,chat,2026-07-29T06:28,ai,true,false,false
c1437,u991,refund,voice,2026-08-01T17:28,ai,false,true,false
c1438,u992,address_change,voice,2026-08-02T04:52,ai,false,true,false
c1439,u993,refund,chat,2026-09-15T23:33,ai,false,false,true
c1440,u994,billing_question,voice,2026-09-03T21:42,ai,true,false,false
c1441,u994,billing_question,voice,2026-09-11T23:42,human,false,false,false
c1442,u995,billing_question,voice,2026-08-06T04:45,human,false,false,false
c1443,u996,cancel,voice,2026-08-01T09:25,ai,false,true,false
c1444,u997,refund,chat,2026-08-29T02:23,ai,false,true,false
c1445,u998,refund,voice,2026-07-22T19:02,ai,false,true,false
c1446,u999,address_change,chat,2026-08-05T20:31,human,false,false,false
c1447,u1000,billing_question,voice,2026-07-09T07:26,ai,false,true,false
c1448,u1001,refund,voice,2026-09-01T20:37,ai,false,true,false
c1449,u1002,address_change,voice,2026-08-24T09:48,ai,false,true,false
c1450,u1003,cancel,chat,2026-09-18T22:49,ai,true,false,false
c1451,u1004,billing_question,chat,2026-08-07T10:52,human,false,false,false
c1452,u1005,cancel,voice,2026-09-17T07:06,ai,false,true,false
c1453,u1006,order_status,chat,2026-08-19T11:18,ai,false,true,false
c1454,u1007,order_status,chat,2026-08-20T15:36,ai,true,false,false
c1455,u1008,order_status,voice,2026-07-07T22:14,ai,true,false,false
c1456,u1008,order_status,voice,2026-07-08T07:14,ai,false,true,false
c1457,u1009,order_status,chat,2026-09-17T06:37,ai,false,false,true
c1458,u1009,order_status,voice,2026-09-21T14:37,human,false,false,false
c1459,u1010,cancel,chat,2026-09-18T17:25,human,false,false,false
c1460,u1011,refund,voice,2026-08-29T03:51,human,false,false,false
c1461,u1012,cancel,voice,2026-09-04T13:55,ai,true,false,false
c1462,u1013,cancel,voice,2026-08-14T12:58,human,false,false,false
c1463,u1013,cancel,voice,2026-08-15T15:58,ai,false,false,false
c1464,u1013,cancel,chat,2026-08-22T17:58,human,false,false,false
c1465,u1014,address_change,voice,2026-07-26T19:33,ai,false,false,false
c1466,u1015,address_change,chat,2026-07-07T19:59,ai,true,false,false
c1467,u1015,address_change,voice,2026-07-16T18:59,ai,true,false,false
c1468,u1016,billing_question,voice,2026-08-20T13:07,ai,false,true,false
c1469,u1017,refund,chat,2026-09-12T01:01,ai,true,false,false
c1470,u1017,refund,chat,2026-09-16T04:01,ai,false,true,false
c1471,u1018,cancel,voice,2026-08-20T15:11,human,false,false,false
c1472,u1018,cancel,chat,2026-08-27T19:11,ai,true,false,false
c1473,u1019,refund,chat,2026-08-18T02:47,human,false,false,false
c1474,u1019,refund,voice,2026-08-25T00:47,ai,false,true,false
c1475,u1020,address_change,voice,2026-09-11T16:16,human,false,false,false
c1476,u1021,refund,voice,2026-09-07T05:11,ai,false,true,false
c1477,u1022,address_change,voice,2026-07-15T11:13,ai,false,true,false
c1478,u1023,order_status,chat,2026-09-01T04:54,human,false,false,false
c1479,u1024,order_status,chat,2026-09-04T07:52,ai,false,true,false
c1480,u1025,address_change,voice,2026-08-13T01:36,ai,false,true,false
c1481,u1026,refund,chat,2026-08-03T07:18,ai,false,true,false
c1482,u1027,order_status,chat,2026-07-20T09:24,ai,false,true,false
c1483,u1028,cancel,chat,2026-08-19T23:44,ai,false,true,false
c1484,u1029,billing_question,voice,2026-09-19T00:36,human,false,false,false
c1485,u1029,billing_question,chat,2026-09-23T16:36,human,false,false,false
c1486,u1030,address_change,chat,2026-08-06T15:54,ai,true,false,false
c1487,u1031,address_change,voice,2026-07-18T22:24,ai,true,false,false
c1488,u1031,address_change,chat,2026-07-24T13:24,human,false,false,false
c1489,u1032,cancel,voice,2026-09-11T05:30,ai,true,false,false
c1490,u1032,cancel,voice,2026-09-19T08:30,ai,true,false,false
c1491,u1032,cancel,chat,2026-09-25T08:30,ai,false,false,true
c1492,u1033,address_change,voice,2026-09-10T04:54,ai,true,false,false
c1493,u1034,refund,chat,2026-08-01T18:11,human,false,false,false
c1494,u1034,refund,voice,2026-08-08T02:11,ai,false,true,false
c1495,u1035,cancel,chat,2026-09-04T00:46,ai,false,false,false
c1496,u1036,refund,voice,2026-09-05T18:42,ai,false,false,false
c1497,u1037,order_status,voice,2026-09-05T23:56,human,false,false,false
c1498,u1037,order_status,chat,2026-09-09T13:56,ai,false,false,false
c1499,u1037,order_status,chat,2026-09-11T04:56,human,false,false,false
c1500,u1038,cancel,chat,2026-09-15T05:34,ai,false,true,false
c1501,u1039,order_status,chat,2026-09-09T11:22,ai,false,false,true
c1502,u1039,order_status,chat,2026-09-16T17:22,ai,false,false,true
c1503,u1039,order_status,voice,2026-09-21T23:22,ai,false,true,false
c1504,u1040,cancel,voice,2026-08-31T00:32,ai,true,false,false
c1505,u1041,billing_question,voice,2026-08-10T07:11,ai,false,false,false
c1506,u1042,order_status,chat,2026-08-06T20:19,ai,false,true,false
c1507,u1043,cancel,chat,2026-07-27T03:42,ai,false,true,false
c1508,u1044,refund,voice,2026-07-26T22:26,ai,false,true,false
c1509,u1045,cancel,voice,2026-07-17T15:32,ai,false,true,false
c1510,u1046,order_status,chat,2026-08-03T04:03,ai,false,true,false
c1511,u1047,cancel,chat,2026-08-19T14:38,ai,false,true,false
c1512,u1048,order_status,voice,2026-09-18T22:51,human,false,false,false
c1513,u1048,order_status,voice,2026-09-22T10:51,ai,false,true,false
c1514,u1049,billing_question,voice,2026-08-16T04:22,ai,true,false,false
c1515,u1049,billing_question,voice,2026-08-17T00:22,ai,false,true,false
c1516,u1050,billing_question,voice,2026-08-31T22:55,ai,false,true,false
c1517,u1051,order_status,chat,2026-07-21T15:34,ai,false,false,false
c1518,u1051,order_status,chat,2026-07-27T18:34,ai,true,false,false
c1519,u1051,order_status,voice,2026-08-03T00:34,human,false,false,false
c1520,u1052,billing_question,voice,2026-07-16T14:06,ai,false,true,false
c1521,u1053,refund,chat,2026-07-01T22:22,ai,false,false,false
c1522,u1053,refund,chat,2026-07-02T23:22,ai,false,true,false
c1523,u1054,order_status,chat,2026-07-20T01:11,ai,false,true,false
c1524,u1054,order_status,voice,2026-07-27T00:11,ai,false,true,false
c1525,u1055,cancel,voice,2026-08-01T09:24,ai,false,true,false
c1526,u1056,billing_question,chat,2026-08-15T19:44,ai,false,true,false
c1527,u1057,billing_question,voice,2026-07-25T13:08,human,false,false,false
c1528,u1057,billing_question,chat,2026-07-27T09:08,ai,false,false,false
c1529,u1058,cancel,voice,2026-07-13T03:34,ai,false,true,false
c1530,u1059,refund,chat,2026-08-17T23:36,ai,false,false,false
c1531,u1060,billing_question,voice,2026-07-30T21:34,human,false,false,false
c1532,u1061,cancel,voice,2026-07-28T04:28,ai,false,true,false
c1533,u1062,refund,voice,2026-07-02T22:32,ai,false,true,false
c1534,u1063,billing_question,voice,2026-08-07T09:04,ai,true,false,false
c1535,u1064,billing_question,chat,2026-07-27T14:27,ai,true,false,false
c1536,u1064,billing_question,chat,2026-08-04T17:27,ai,false,true,false
c1537,u1065,address_change,voice,2026-08-28T04:29,ai,false,true,false
c1538,u1066,refund,chat,2026-09-14T18:24,ai,false,true,false
c1539,u1067,order_status,voice,2026-08-30T16:32,ai,false,true,false
c1540,u1068,order_status,chat,2026-08-18T13:42,ai,false,true,false
c1541,u1069,order_status,voice,2026-07-01T22:40,ai,false,true,false
c1542,u1070,cancel,chat,2026-08-09T00:16,ai,true,false,false
c1543,u1070,cancel,chat,2026-08-15T11:16,ai,false,true,false
c1544,u1071,refund,voice,2026-09-17T05:53,ai,false,true,false
c1545,u1072,billing_question,voice,2026-07-11T14:02,ai,false,false,false
c1546,u1073,address_change,chat,2026-07-12T06:33,ai,false,true,false
c1547,u1074,order_status,voice,2026-07-12T02:49,ai,true,false,false
c1548,u1074,order_status,chat,2026-07-12T19:49,human,false,false,false
c1549,u1074,order_status,chat,2026-07-13T12:49,ai,false,true,false
c1550,u1075,billing_question,voice,2026-07-05T02:07,ai,false,false,false
c1551,u1075,billing_question,voice,2026-07-12T01:07,ai,false,true,false
c1552,u1076,refund,voice,2026-07-19T22:24,ai,false,true,false
c1553,u1077,address_change,voice,2026-08-12T17:56,human,false,false,false
c1554,u1078,address_change,chat,2026-07-15T11:28,ai,false,false,false
c1555,u1079,billing_question,chat,2026-07-22T18:28,ai,false,true,false
c1556,u1080,billing_question,chat,2026-09-20T13:24,human,false,false,false
c1557,u1081,refund,voice,2026-09-12T21:46,ai,false,true,false
c1558,u1082,order_status,voice,2026-07-28T21:37,ai,true,false,false
c1559,u1082,order_status,voice,2026-08-01T18:37,ai,false,true,false
c1560,u1083,address_change,voice,2026-08-03T02:14,ai,false,true,false
c1561,u1084,order_status,voice,2026-07-07T01:14,ai,false,true,false
c1562,u1085,address_change,chat,2026-09-17T04:44,ai,false,true,false
c1563,u1086,cancel,chat,2026-07-03T03:54,ai,false,true,false
c1564,u1087,cancel,chat,2026-08-29T17:56,ai,true,false,false
c1565,u1088,address_change,chat,2026-07-26T11:10,ai,false,false,true
c1566,u1088,address_change,voice,2026-07-29T03:10,ai,false,true,false
c1567,u1089,refund,voice,2026-09-15T11:12,ai,false,true,false
c1568,u1090,refund,chat,2026-07-14T06:30,ai,false,true,false
c1569,u1091,cancel,chat,2026-08-19T20:44,ai,false,true,false
c1570,u1092,billing_question,voice,2026-07-10T11:01,ai,false,true,false
c1571,u1093,refund,chat,2026-08-17T13:52,ai,false,true,false
c1572,u1094,order_status,voice,2026-09-05T15:27,ai,false,false,false
c1573,u1094,order_status,chat,2026-09-10T19:27,ai,true,false,false
c1574,u1095,address_change,voice,2026-08-08T22:12,ai,false,true,false
c1575,u1096,refund,voice,2026-07-18T13:02,ai,true,false,false
c1576,u1096,refund,chat,2026-07-18T21:02,ai,false,true,false
c1577,u1097,refund,chat,2026-09-08T06:47,ai,false,false,true
c1578,u1097,refund,chat,2026-09-13T05:47,ai,false,true,false
c1579,u1098,billing_question,chat,2026-08-09T09:42,ai,true,false,false
c1580,u1098,billing_question,voice,2026-08-12T01:42,ai,false,true,false
c1581,u1099,billing_question,chat,2026-07-31T06:31,ai,false,true,false
c1582,u1100,refund,chat,2026-09-17T17:57,ai,false,true,false
c1583,u1101,cancel,voice,2026-07-10T11:09,ai,false,true,false
c1584,u1102,billing_question,voice,2026-09-10T16:28,ai,false,true,false
c1585,u1103,refund,chat,2026-08-28T23:56,ai,false,true,false
c1586,u1104,cancel,chat,2026-07-04T15:18,ai,false,true,false
c1587,u1105,refund,voice,2026-09-04T06:55,ai,false,false,false
c1588,u1105,refund,voice,2026-09-10T12:55,human,false,false,false
c1589,u1106,billing_question,voice,2026-09-10T02:13,ai,false,true,false
c1590,u1107,order_status,chat,2026-08-21T11:55,ai,false,true,false
c1591,u1108,cancel,chat,2026-07-18T09:43,ai,false,true,false
c1592,u1109,billing_question,chat,2026-07-06T03:25,ai,false,true,false
c1593,u1110,refund,voice,2026-09-04T07:44,ai,false,true,false
c1594,u1111,address_change,voice,2026-07-26T23:11,ai,false,false,false
c1595,u1111,address_change,chat,2026-07-30T05:11,ai,false,true,false
c1596,u1112,cancel,chat,2026-07-31T17:02,ai,true,false,false
c1597,u1112,cancel,chat,2026-08-04T09:02,human,false,false,false
c1598,u1113,billing_question,chat,2026-09-14T19:20,ai,false,false,false
c1599,u1113,billing_question,chat,2026-09-21T07:20,ai,false,true,false
c1600,u1114,order_status,voice,2026-07-25T23:22,ai,false,false,false
c1601,u1115,billing_question,voice,2026-08-01T00:17,ai,true,false,false
c1602,u1116,refund,chat,2026-09-20T13:56,human,false,false,false
c1603,u1117,order_status,voice,2026-08-19T00:51,ai,false,false,false
c1604,u1118,cancel,chat,2026-08-03T11:31,ai,false,true,false
c1605,u1119,order_status,voice,2026-07-24T23:10,ai,false,false,false
c1606,u1119,order_status,voice,2026-08-02T14:10,ai,false,false,true
c1607,u1119,order_status,voice,2026-08-07T16:10,ai,true,false,false
c1608,u1120,billing_question,voice,2026-07-15T21:12,human,false,false,false
c1609,u1120,billing_question,chat,2026-07-21T18:12,ai,false,false,true
c1610,u1120,billing_question,chat,2026-07-27T15:12,ai,false,false,false
c1611,u1121,address_change,voice,2026-07-30T18:49,ai,false,false,false
c1612,u1121,address_change,chat,2026-08-06T18:49,ai,false,true,false
c1613,u1122,address_change,chat,2026-08-03T18:04,ai,true,false,false
c1614,u1122,address_change,voice,2026-08-06T20:04,ai,true,false,false
c1615,u1123,cancel,voice,2026-08-21T07:20,ai,false,true,false
c1616,u1124,refund,voice,2026-07-13T01:55,ai,false,false,true
c1617,u1124,refund,voice,2026-07-14T08:55,ai,false,true,false
c1618,u1125,order_status,chat,2026-09-19T09:57,ai,false,true,false
c1619,u1126,billing_question,voice,2026-07-11T20:12,ai,false,false,false
c1620,u1126,billing_question,chat,2026-07-19T04:12,ai,false,true,false
c1621,u1127,order_status,voice,2026-08-18T02:01,ai,false,true,false
c1622,u1128,cancel,chat,2026-08-07T14:58,ai,true,false,false
c1623,u1129,cancel,chat,2026-07-06T06:36,human,false,false,false
c1624,u1129,cancel,voice,2026-07-06T14:36,ai,false,true,false
c1625,u1130,order_status,voice,2026-08-27T00:12,ai,false,true,false
c1626,u1131,billing_question,chat,2026-08-14T19:18,human,false,false,false
c1627,u1132,billing_question,chat,2026-08-29T06:18,human,false,false,false
c1628,u1133,refund,voice,2026-08-28T17:32,ai,false,true,false
c1629,u1134,order_status,chat,2026-07-10T06:57,human,false,false,false
c1630,u1134,order_status,chat,2026-07-12T03:57,ai,false,true,false
c1631,u1135,cancel,voice,2026-08-21T10:25,human,false,false,false
c1632,u1136,cancel,chat,2026-08-28T19:35,ai,false,true,false
c1633,u1137,order_status,voice,2026-08-06T10:28,ai,false,true,false
c1634,u1138,refund,chat,2026-07-08T21:13,ai,false,true,false
c1635,u1139,cancel,chat,2026-08-04T03:30,ai,true,false,false
c1636,u1139,cancel,voice,2026-08-06T17:30,ai,false,true,false
c1637,u1140,address_change,chat,2026-07-24T02:04,ai,false,true,false
c1638,u1141,order_status,voice,2026-07-29T10:33,ai,false,true,false
c1639,u1142,cancel,chat,2026-09-21T16:04,ai,false,true,false
c1640,u1143,address_change,chat,2026-08-16T11:26,ai,false,true,false
c1641,u1144,address_change,chat,2026-08-16T16:19,human,false,false,false
c1642,u1145,billing_question,chat,2026-08-15T00:30,ai,true,false,false
c1643,u1146,address_change,chat,2026-07-22T23:45,ai,false,true,false
c1644,u1147,refund,voice,2026-07-20T19:04,ai,false,true,false
c1645,u1148,order_status,chat,2026-08-16T07:03,ai,false,true,false
c1646,u1149,address_change,chat,2026-07-21T03:13,ai,false,true,false
c1647,u1150,address_change,chat,2026-09-12T13:17,ai,false,true,false
c1648,u1151,order_status,voice,2026-09-07T06:17,ai,false,true,false
c1649,u1152,refund,chat,2026-09-11T11:39,human,false,false,false
c1650,u1153,billing_question,chat,2026-09-02T06:29,ai,false,false,false
c1651,u1153,billing_question,voice,2026-09-10T20:29,ai,true,false,false
c1652,u1154,billing_question,voice,2026-09-10T08:32,ai,false,true,false
c1653,u1155,order_status,voice,2026-09-22T04:56,ai,false,true,false
c1654,u1156,order_status,chat,2026-07-26T05:41,ai,false,true,false
c1655,u1157,cancel,voice,2026-08-19T13:12,human,false,false,false
c1656,u1157,cancel,chat,2026-08-20T19:12,ai,false,true,false
c1657,u1158,billing_question,chat,2026-08-29T10:39,human,false,false,false
c1658,u1159,billing_question,voice,2026-08-24T08:32,human,false,false,false
c1659,u1160,address_change,voice,2026-09-01T20:17,ai,false,true,false
c1660,u1161,billing_question,voice,2026-08-25T02:19,ai,false,true,false
c1661,u1162,refund,voice,2026-08-12T01:25,ai,false,false,true
c1662,u1162,refund,voice,2026-08-18T00:25,ai,false,true,false
c1663,u1163,cancel,voice,2026-07-08T04:12,ai,false,true,false
c1664,u1164,address_change,voice,2026-08-08T14:35,ai,false,true,false
c1665,u1165,billing_question,voice,2026-08-06T19:39,ai,true,false,false
c1666,u1165,billing_question,voice,2026-08-12T22:39,ai,false,true,false
c1667,u1166,cancel,voice,2026-08-08T09:03,ai,false,true,false
c1668,u1167,billing_question,voice,2026-08-01T04:56,ai,true,false,false
c1669,u1168,cancel,voice,2026-08-09T15:32,ai,true,false,false
c1670,u1169,address_change,chat,2026-08-01T07:09,ai,false,false,true
c1671,u1169,address_change,voice,2026-08-04T13:09,ai,true,false,false
c1672,u1169,address_change,chat,2026-08-09T10:09,ai,false,true,false
c1673,u1170,billing_question,chat,2026-08-17T09:39,ai,false,true,false
c1674,u1171,address_change,chat,2026-08-04T11:52,ai,true,false,false
c1675,u1172,cancel,chat,2026-09-15T09:29,ai,false,true,false
c1676,u1173,refund,chat,2026-08-19T13:01,ai,false,false,true
c1677,u1174,cancel,chat,2026-07-01T05:20,human,false,false,false
c1678,u1174,cancel,chat,2026-07-06T14:20,human,false,false,false
c1679,u1175,billing_question,voice,2026-07-21T08:17,ai,false,true,false
c1680,u1176,address_change,voice,2026-07-13T14:08,ai,false,true,false
c1681,u1177,cancel,chat,2026-07-03T12:24,ai,false,true,false
c1682,u1178,refund,chat,2026-07-26T22:49,ai,true,false,false
c1683,u1179,address_change,voice,2026-08-29T18:03,ai,false,true,false
c1684,u1180,cancel,chat,2026-07-01T00:32,human,false,false,false
c1685,u1180,cancel,chat,2026-07-03T20:32,ai,false,true,false
c1686,u1181,order_status,voice,2026-08-11T10:37,human,false,false,false
c1687,u1181,order_status,voice,2026-08-14T13:37,human,false,false,false
c1688,u1181,order_status,voice,2026-08-22T14:37,ai,true,false,false
c1689,u1182,order_status,chat,2026-08-15T03:55,human,false,false,false
c1690,u1182,order_status,chat,2026-08-15T06:55,human,false,false,false
c1691,u1183,billing_question,chat,2026-09-23T14:52,ai,true,false,false
c1692,u1183,billing_question,voice,2026-10-02T06:52,ai,false,true,false
c1693,u1184,cancel,chat,2026-08-31T22:20,ai,true,false,false
c1694,u1184,cancel,chat,2026-09-01T10:20,ai,true,false,false
c1695,u1184,cancel,voice,2026-09-03T05:20,ai,true,false,false
c1696,u1185,billing_question,chat,2026-07-10T12:07,ai,false,false,false
c1697,u1186,cancel,chat,2026-09-04T15:01,ai,false,false,true
c1698,u1186,cancel,chat,2026-09-07T02:01,ai,false,false,true
c1699,u1186,cancel,voice,2026-09-08T20:01,ai,false,true,false
c1700,u1187,refund,chat,2026-07-21T21:45,ai,false,false,false
c1701,u1187,refund,chat,2026-07-23T19:45,ai,false,true,false
c1702,u1188,address_change,chat,2026-07-27T19:45,ai,false,true,false
c1703,u1189,refund,voice,2026-08-23T05:16,ai,false,false,false
c1704,u1189,refund,chat,2026-08-30T15:16,ai,false,false,true
c1705,u1190,cancel,voice,2026-07-17T15:33,ai,false,false,false
c1706,u1190,cancel,voice,2026-07-22T18:33,ai,false,false,false
c1707,u1191,address_change,chat,2026-09-14T16:21,ai,false,true,false
c1708,u1192,billing_question,chat,2026-08-14T14:19,ai,false,false,true
c1709,u1193,refund,voice,2026-09-02T18:58,ai,false,false,true
c1710,u1194,billing_question,voice,2026-07-26T00:50,ai,false,true,false
c1711,u1195,order_status,voice,2026-08-27T19:41,ai,false,true,false
c1712,u1196,refund,voice,2026-07-08T15:59,ai,false,true,false
c1713,u1197,refund,chat,2026-09-22T17:17,ai,false,true,false
c1714,u1198,refund,voice,2026-07-14T05:11,ai,true,false,false
c1715,u1198,refund,chat,2026-07-14T23:11,ai,false,true,false
c1716,u1199,address_change,chat,2026-07-17T16:45,ai,false,true,false
c1717,u1199,address_change,voice,2026-07-22T13:45,human,false,false,false
c1718,u1200,refund,chat,2026-08-28T01:47,human,false,false,false
